filename, button, field, heading, iframe, image, label, link, text
thinkwithgoogle_com_png.rf.0e3CasnPbMEGQSO8oMHB.jpg, 1, 1, 1, 0, 1, 0, 1, 1
urlzs_com_png.rf.0ea1b14c371dff348e9bba2948d8e986.jpg, 1, 0, 0, 0, 1, 0, 0, 1
amazon_com_png.rf.0oB8qzojBS2Tklffo69l.jpg, 1, 1, 1, 1, 1, 0, 1, 1
asahi_com_png.rf.120e05a147314b2805e7bad82dafca78.jpg, 1, 0, 1, 1, 1, 0, 1, 1
buymeacoffee_com_png.rf.0vBkaAYTkLI6YlTz5Gqu.jpg, 1, 1, 1, 0, 1, 0, 0, 1
lavanguardia_com_png.rf.1070b85a3d6b62256b2ff890566e8fc5.jpg, 1, 0, 1, 0, 1, 0, 1, 1
m21_hk_png.rf.109d9b2f030d934146f5f891c2831f2f.jpg, 1, 1, 0, 1, 1, 0, 1, 1
research_google_com_png.rf.10307db36adb8bc5b8dafc50ea34ba79.jpg, 1, 0, 1, 0, 1, 0, 1, 1
news_yahoo_com_png.rf.128e6475d469b4da335d6c435ce2a8e2.jpg, 1, 1, 1, 0, 1, 0, 1, 1
mysql_com_png.rf.0f858eb91c1d646c107a586e55130b49.jpg, 1, 1, 1, 0, 1, 0, 1, 1
telegram_me_png.rf.1180c45e4299f79628ecacf99da1e78e.jpg, 1, 0, 0, 0, 1, 0, 1, 1
gopro_com_png.rf.0ff9f210a39bbfaee97372562cb71daf.jpg, 1, 0, 1, 0, 1, 0, 1, 1
fusion_net_png.rf.0fPsz0ez97gvhGoKfxsa.jpg, 1, 0, 1, 0, 1, 0, 1, 1
newegg_com_png.rf.11c21aa37e7701aabcff9f60acdde664.jpg, 0, 0, 1, 1, 1, 0, 1, 1
gizmodo_com_png.rf.11a1c80a4320be83035aee68d3491185.jpg, 1, 0, 1, 0, 1, 0, 1, 1
bitpay_com_png.rf.0e1dd45147e6b7daa0147d360421d3f9.jpg, 1, 0, 1, 0, 1, 0, 1, 1
plosone_org_png.rf.11a44d241cd3ff57190c5ced5cf3656a.jpg, 1, 1, 1, 1, 1, 0, 0, 1
groups_google_com_png.rf.12628f7f978bec8b0294741b3f57b7ee.jpg, 1, 1, 1, 0, 1, 0, 1, 1
corriere_it_png.rf.123b19c7a3ae9a8a606900def45cb549.jpg, 1, 0, 1, 0, 1, 0, 1, 1
fairuse_stanford_edu_png.rf.120b69f262d386771c630bd1737d2767.jpg, 1, 0, 1, 1, 1, 0, 1, 1
inc_com_png.rf.0ff5c2166df192b2dfa64b386151aa78.jpg, 1, 0, 1, 0, 1, 0, 1, 1
git-scm_com_png.rf.0oxNqKEbbUo5EwVaUp8j.jpg, 1, 1, 1, 0, 1, 0, 1, 1
minnpost_com_png.rf.125e969d2a9b33d8135b56511c813426.jpg, 1, 0, 1, 1, 1, 0, 1, 1
de_wikipedia_org_png.rf.0o1lVbU61I7DaoDDxkxR.jpg, 1, 1, 1, 0, 1, 0, 1, 1
web_facebook_com_png.rf.0f5aaa7aa07948dc419831990039a6a1.jpg, 1, 1, 1, 0, 1, 1, 1, 1
cdc_gov_png.rf.12a558027c00fac732c140bee2907fd0.jpg, 1, 0, 0, 0, 1, 0, 1, 1
esa_int_png.rf.12a7e8f10b4da46d256f072fddbe1227.jpg, 1, 0, 1, 0, 1, 1, 1, 1
docs_python_org_png.rf.12f48b7e040d768e436e8ea5eb23944d.jpg, 0, 1, 1, 0, 1, 0, 1, 1
slate_com_png.rf.12fc436dc9e0dabde1f4cf6f28723104.jpg, 1, 1, 1, 1, 1, 0, 0, 1
abcnews_go_com_png.rf.13407cc96fa548fb967359a3786d7996.jpg, 1, 0, 1, 0, 1, 0, 1, 1
outlook_com_png.rf.1369a852567ad4d270c466771067c51c.jpg, 1, 0, 1, 0, 0, 0, 0, 1
plus_google_com_png.rf.1385d1a0ed581b6d5f1c00f29660550f.jpg, 1, 1, 1, 0, 1, 0, 1, 1
good_is_png.rf.13bf016a0353fbd65534a6d9de259930.jpg, 1, 0, 1, 0, 1, 0, 1, 1
es_wordpress_org_png.rf.13d93f0d0646d1f3817adaa27358f518.jpg, 1, 0, 1, 0, 1, 0, 0, 1
rakuten_com_png.rf.14253b91725488310d25a820b00ad0b0.jpg, 1, 1, 0, 0, 1, 0, 1, 1
imgur_com_png.rf.14345793c22eb33dbb259188ff9618d4.jpg, 1, 1, 0, 0, 1, 0, 1, 1
dell_com_png.rf.144418a753b5dd2bee41c8ddcf35fe9a.jpg, 1, 1, 1, 1, 1, 0, 0, 1
northeastern_edu_png.rf.1454678b609587d9039d866ad5987cff.jpg, 1, 0, 1, 0, 1, 0, 0, 1
gplus_to_png.rf.14ba1cc2ac834408ed765413aa72c0e6.jpg, 0, 0, 0, 1, 0, 0, 0, 1
skillshare_com_png.rf.1539e5fb934c0409e2fdb00719939a57.jpg, 1, 0, 1, 0, 1, 0, 1, 1
vogue_in_png.rf.15858b9431cdd9b085340df268f525d5.jpg, 1, 0, 1, 0, 1, 0, 1, 1
arte_tv_png.rf.1598ce1f903b1be6e06fbeaf19c5ba4e.jpg, 1, 0, 1, 0, 1, 0, 1, 1
insta360_com_png.rf.15acdad6e12d6c591c4e82164ff0d34e.jpg, 1, 0, 0, 0, 1, 0, 0, 1
kobo_com_png.rf.16cbd645490d3d3b67069a0f6c08838a.jpg, 1, 1, 1, 0, 1, 0, 1, 1
weheartit_com_png.rf.176e9b0932d2fb58c407d68c9748f65a.jpg, 1, 1, 1, 1, 1, 0, 1, 1
research_googleblog_com_png.rf.1808c77f9a859106624077c5a783a14e.jpg, 1, 1, 1, 0, 1, 0, 1, 1
help_instagram_com_png.rf.188154f8de7f8ff6ddcb4b10084ddac7.jpg, 1, 1, 1, 0, 1, 0, 1, 1
fastcompany_com_png.rf.18I8owzuDml3WgZVX8vY.jpg, 1, 0, 1, 0, 1, 0, 1, 1
ec_europa_eu_png.rf.18a4fc12a18e99747a5c84bf390f7a16.jpg, 1, 0, 1, 0, 1, 0, 1, 1
security_googleblog_com_png.rf.18cd425f5dc020fa66a389a927c9111c.jpg, 1, 1, 1, 1, 1, 0, 1, 1
airbnb_ru_png.rf.194d00bfcc92fdb55020f33875b34c27.jpg, 1, 1, 1, 0, 1, 0, 1, 1
edition_cnn_com_png.rf.196fcb5120b36a1f60eeaebd1694cd84.jpg, 1, 0, 1, 1, 1, 0, 1, 1
sustainabledevelopment_un_org_png.rf.19d3c692f7f829bb14312338a50e062f.jpg, 1, 0, 1, 0, 1, 0, 1, 1
commons_wikimedia_org_png.rf.19deed128a50c4707d30c3c7a0ea2c7a.jpg, 1, 1, 1, 0, 1, 0, 1, 1
nobelprize_org_png.rf.19e8cb56afa9835971b5fc2a0afc7c7e.jpg, 1, 0, 1, 1, 1, 0, 1, 1
optinmonster_com_png.rf.1E8m3GX1rpelNtkqZTjc.jpg, 1, 0, 1, 1, 1, 0, 1, 1
html5rocks_com_png.rf.1HbAPuiCQ3TXe0u7j5OC.jpg, 1, 0, 1, 0, 1, 0, 1, 1
fedex_com_png.rf.1IWY39hnzgWGyZA8N4qT.jpg, 1, 0, 1, 0, 1, 0, 1, 1
ftc_gov_png.rf.1JJmUzuE2ONHgyfXKm4Q.jpg, 1, 1, 1, 0, 1, 0, 1, 1
nest_com_png.rf.1XmbOeSBuIy4Nhdv8sJF.jpg, 1, 0, 1, 0, 1, 0, 1, 1
broadwayworld_com_png.rf.1YnAugyQejZWrM37rgfl.jpg, 1, 1, 1, 1, 1, 0, 1, 1
bom_to_png.rf.1a0e84e217cca0da481e056235146671.jpg, 1, 1, 1, 1, 1, 0, 1, 1
qualitywebmarketing_net_png.rf.1a78ee4ec1647280b799768dc322a1a6.jpg, 1, 0, 1, 0, 1, 0, 1, 1
sketchfab_com_png.rf.1a966df8aef003ca1f1d0ca50177253c.jpg, 1, 0, 1, 1, 1, 0, 1, 1
khanacademy_org_png.rf.1ac28aac012198c4973d018cbba03f2a.jpg, 1, 0, 1, 0, 1, 0, 1, 1
ftc_gov_png.rf.1ae2875bceb2252af2248cd155f61d64.jpg, 1, 1, 1, 0, 1, 0, 1, 1
youtube_googleblog_com_png.rf.1b13a860d1942ebacfa27273f8ce5e25.jpg, 1, 1, 1, 1, 1, 0, 1, 1
draugiem_lv_png.rf.1bc54375225f9d9b77536e3f4abdff96.jpg, 1, 1, 0, 0, 1, 0, 1, 1
explorestlouis_com_png.rf.1c0e6d16676d90aadd0ebaee979e5ab8.jpg, 1, 0, 1, 0, 1, 0, 0, 1
forums_adobe_com_png.rf.1c451b92ee6b0c7eeb87478b5e426dc8.jpg, 1, 1, 0, 0, 1, 0, 1, 1
secure_php_net_png.rf.1c5f136fc3e7bf798454bdc0a69126e6.jpg, 1, 1, 1, 0, 1, 0, 1, 1
amnestyusa_org_png.rf.1c607b43bec92d61bd3e420f79e408d5.jpg, 1, 1, 1, 0, 1, 0, 0, 1
getcomposer_org_png.rf.1d0639158278ff5412bb877a8bde06ae.jpg, 1, 0, 1, 0, 1, 0, 1, 1
webmasters_googleblog_com_png.rf.1df31b0d0cd4874102b3d4770c0f2da0.jpg, 1, 1, 1, 1, 1, 0, 1, 1
amazon_in_png.rf.1d3816fdf33679a815e4786bf770e352.jpg, 1, 1, 1, 0, 1, 0, 1, 1
fas_org_png.rf.1e2cad1cae4d216324d0e27885aa6364.jpg, 1, 1, 0, 1, 1, 0, 1, 1
g1_globo_com_png.rf.1d723c2914344b60fe0eec02923c67ba.jpg, 1, 0, 1, 1, 1, 0, 1, 1
wa_me_png.rf.1f208e07ced77e89cd7c01062dc5c86a.jpg, 1, 0, 1, 0, 1, 0, 1, 1
business_linkedin_com_png.rf.1fd0bf95a0553c9c6c7accac65072d66.jpg, 1, 0, 1, 0, 1, 0, 0, 1
thestar_com_png.rf.1fde904a0c3567455ee08f9fe8380eae.jpg, 1, 0, 1, 0, 1, 0, 1, 1
mapsengine_google_com_png.rf.1jLs0KBx4Ep6HQucAKlO.jpg, 0, 0, 1, 0, 0, 0, 1, 1
slides_com_png.rf.1k23guCsj9SwlI6JobYe.jpg, 1, 0, 1, 0, 1, 0, 0, 1
privacyshield_gov_png.rf.1xmCloe9ZjTBY7D2i3ae.jpg, 1, 0, 1, 0, 1, 0, 1, 1
theringer_com_png.rf.1lB6qYwymXyKgIRXvquM.jpg, 1, 0, 1, 0, 1, 0, 0, 1
amazon_de_png.rf.1zX4360mTJS9Bdv8O8E9.jpg, 1, 1, 1, 1, 1, 0, 1, 1
rottentomatoes_com_png.rf.204d7de0472b31a34b672ef42a62df84.jpg, 1, 1, 1, 0, 1, 0, 1, 1
wattpad_com_png.rf.20005f727db900405250bb9de267342a.jpg, 1, 1, 1, 0, 1, 0, 0, 1
callofduty_com_png.rf.20624b81e6fc4bc772b1586bc6e93199.jpg, 1, 0, 1, 0, 1, 0, 0, 1
thehill_com_png.rf.20a78a7929df7a2bea7df3960361d927.jpg, 1, 1, 1, 1, 1, 0, 1, 1
punchng_com_png.rf.20b21dc6d17946c177678878fdcb9068.jpg, 1, 0, 1, 1, 1, 0, 0, 1
checkpoint_com_png.rf.21484d09a193779531889c0c6214abeb.jpg, 1, 0, 1, 0, 1, 0, 1, 1
privacy_google_com_png.rf.216095f9fb8c8c8856c20e30106e5336.jpg, 1, 0, 1, 0, 1, 0, 0, 1
tools_google_com_png.rf.2189f5adeef0291976660af9d964ac4a.jpg, 1, 0, 1, 0, 1, 0, 1, 1
hdl_handle_net_png.rf.21cdfef35683c92dda4e27f923a53328.jpg, 0, 1, 1, 0, 1, 0, 1, 1
cdnjs_cloudflare_com_png.rf.22236fb6a2fd7eb235067efeef0c20a9.jpg, 1, 1, 0, 0, 1, 0, 1, 1
nhs_uk_png.rf.223eef04c3342481904a02504b798997.jpg, 1, 1, 1, 0, 1, 0, 1, 1
nytimes_com_png.rf.225b1155244e5a8b4c7a591ee9256e6c.jpg, 1, 0, 1, 1, 1, 0, 1, 1
gfycat_com_png.rf.2275c190bc1cdc9b1b9d24249476bac1.jpg, 1, 1, 1, 1, 1, 0, 1, 1
bitbucket_org_png.rf.22b1b044a1065ee6ad0d9d98f3a0a189.jpg, 1, 0, 1, 0, 1, 0, 1, 1
uk_linkedin_com_png.rf.2331e9b44b5f342012283850f96fdb61.jpg, 1, 0, 1, 0, 1, 0, 0, 1
slideshare_net_png.rf.2370570281d0fb30d6426ebba86e053e.jpg, 1, 1, 1, 1, 1, 0, 1, 1
azure_microsoft_com_png.rf.237db1fbd82ab300effa52571b9a9ce5.jpg, 1, 0, 1, 0, 1, 0, 0, 1
lavanguardia_com_png.rf.23T4AEaUPNIEfewh5MOH.jpg, 1, 0, 1, 0, 1, 0, 1, 1
reddit_com_png.rf.23ab85a809494f90a7534ff53b74dd8f.jpg, 1, 1, 1, 0, 1, 0, 1, 1
harborfreight_com_png.rf.23ef688473af561c0f26d5c69efb4f5e.jpg, 1, 1, 1, 0, 1, 0, 1, 1
sumo_com_png.rf.23fd3aae8dd4949f1e1c7d69f58e79ba.jpg, 1, 1, 1, 0, 1, 0, 1, 1
shopify_com_png.rf.24abb44db70ef5147f873657cf3b1b50.jpg, 1, 1, 1, 0, 1, 0, 1, 1
schema_org_png.rf.24e721ad705ec200be9801713195fb22.jpg, 1, 1, 1, 0, 1, 0, 0, 1
appleinsider_com_png.rf.26863df9fe79a5951137f2f0bc0701ff.jpg, 1, 0, 1, 1, 1, 0, 0, 1
jdrf_org_png.rf.26e02e878e17da8d72b5b820ad69b725.jpg, 1, 1, 1, 0, 1, 1, 1, 1
priceline_com_png.rf.27331022e55d56f52f585f741754c855.jpg, 0, 0, 1, 1, 1, 0, 0, 1
radar_avrotros_nl_png.rf.27f82d21206cef1e21ba40a14e6dcf7d.jpg, 1, 1, 1, 0, 1, 0, 1, 1
salesforce_com_png.rf.2825039c86facb89d3727cd6726ca8c7.jpg, 1, 0, 1, 1, 1, 0, 0, 1
fusion_net_png.rf.282f13a2c48ce5b6dcdd78ed9ad26c10.jpg, 1, 0, 1, 0, 1, 0, 1, 1
strava_com_png.rf.28ceec086625a5462f1b2cd3303163a3.jpg, 1, 0, 1, 0, 1, 0, 1, 1
caniuse_com_png.rf.29289fa2fb12eec6fc3234617be45804.jpg, 1, 1, 1, 0, 1, 0, 1, 1
crowdrise_com_png.rf.292ac1866fd0e3051c87dbdc6b93e8b3.jpg, 1, 0, 1, 0, 1, 0, 1, 1
vizeo_net_png.rf.2955bb013d5b3e64e182674c6979e71f.jpg, 1, 0, 0, 1, 1, 0, 0, 1
blog_goo_ne_jp_png.rf.297c6fa96fb60137e777c56c77b7351e.jpg, 1, 0, 1, 0, 1, 0, 1, 1
mtv_com_png.rf.297607338e5a0d5753257da268afa401.jpg, 1, 0, 0, 0, 1, 0, 1, 1
ceneo_pl_png.rf.29ac1b0660a59e42658603a3fb47bd84.jpg, 1, 1, 1, 0, 1, 0, 1, 1
abc_net_au_png.rf.29def65209925c573b9488f3a121317b.jpg, 1, 0, 1, 1, 1, 0, 1, 1
youcaring_com_png.rf.2EjWR5II9QHwcHUhtjYE.jpg, 1, 0, 1, 0, 1, 0, 1, 1
apple_com_png.rf.2OOmdq0KOHMCWIUYzzv6.jpg, 1, 0, 1, 0, 1, 0, 1, 1
justice_gov_png.rf.2XqCEJ0jgpuLBFuA7WRp.jpg, 1, 1, 1, 0, 1, 0, 1, 1
chrome_google_com_png.rf.2a1f1aba8ef7463964d0cf39535440df.jpg, 1, 0, 1, 0, 1, 0, 1, 1
promods_net_png.rf.2acadb7d748a0055eab5af27f8a07463.jpg, 1, 0, 1, 0, 1, 0, 1, 1
thesun_co_uk_png.rf.2b3970f95975df03fcd2441b8d5a4d9c.jpg, 1, 0, 1, 0, 1, 0, 1, 1
vimeo_com_png.rf.2bd9720b6e2ac09a2ea71dfbe6472a19.jpg, 0, 0, 1, 1, 1, 0, 0, 1
themegrill_com_png.rf.2c3DyE3SbrAff3TZz463.jpg, 1, 0, 1, 0, 1, 0, 1, 1
atom_io_png.rf.2c788e8f36254c812f14ba8ca6cc6686.jpg, 1, 0, 0, 0, 1, 0, 0, 1
deezer_com_png.rf.2c8571678958e71a9a92512f787a14b5.jpg, 1, 0, 1, 0, 1, 0, 1, 1
yandex_ru_png.rf.2c8cb524c9519ee5b453fd452c79a2ee.jpg, 1, 1, 1, 0, 1, 0, 1, 1
ifttt_com_png.rf.2cbdff6f3e7ebca577bdd2e8ee537761.jpg, 1, 1, 0, 0, 1, 0, 1, 1
goodreads_com_png.rf.2cc8519eec3ae78668dcccb81bbc93c7.jpg, 1, 1, 1, 0, 1, 1, 1, 1
uscis_gov_png.rf.2cd4bb0071e722b3f85f66c1463ece4d.jpg, 1, 1, 0, 0, 1, 0, 1, 1
web_stagram_com_png.rf.2d0445e24b773ec700b5eeee113d28e1.jpg, 1, 1, 1, 0, 1, 0, 1, 1
mentalfloss_com_png.rf.2d5f887db388d5aea51ed17a31507591.jpg, 1, 0, 0, 0, 1, 0, 1, 1
ask_fm_png.rf.2d8f3597a862ace1c12c194d9c59cb29.jpg, 1, 0, 0, 0, 1, 0, 0, 1
eepurl_com_png.rf.2e354c250005f140f1401a6cd6e0fd09.jpg, 0, 0, 1, 0, 1, 0, 1, 1
gist_github_com_png.rf.2e72d4dc5437741182f7f3dd154ef036.jpg, 1, 1, 1, 0, 1, 0, 1, 1
expedia_com_png.rf.2e88c553c6c714c424c89dd8ea18483d.jpg, 1, 1, 1, 1, 1, 0, 0, 1
ocw_mit_edu_png.rf.2ea29ccbaba540adf9906fe1b556eaba.jpg, 1, 1, 1, 0, 1, 0, 1, 1
joomla_org_png.rf.2ec63e24b31a334e8d4a9f45985e9ad8.jpg, 1, 1, 1, 1, 0, 0, 1, 1
ecfr_gov_png.rf.2f37a71dc73030063d5046a8ff09709e.jpg, 0, 1, 1, 0, 1, 1, 1, 1
goo_gl_png.rf.2f4dfcd84516121945d6aafd957ac46c.jpg, 1, 1, 1, 1, 1, 0, 1, 1
spektrum_de_png.rf.2f8568530f2b1ba646234850d0409f2e.jpg, 1, 1, 1, 1, 1, 0, 1, 1
stock_adobe_com_png.rf.2f95DtrgqU1yORgphGRQ.jpg, 1, 1, 1, 0, 1, 0, 1, 1
houzz_com_png.rf.2fXXaSeJJ7RE9CwAF7aT.jpg, 1, 1, 1, 1, 1, 0, 1, 1
americanexpress_com_png.rf.2fe2a05072bf595d1f9e7784162e5944.jpg, 1, 1, 1, 0, 1, 1, 1, 1
letterboxd_com_png.rf.301060ae740c444a60b9c18440acae73.jpg, 1, 1, 1, 0, 1, 0, 0, 1
citylab_com_png.rf.3089832e19a0307bac745c5efb050643.jpg, 1, 0, 1, 0, 1, 0, 1, 1
berkeley_edu_png.rf.30W2fWMWiVi8yVxL2qK8.jpg, 1, 1, 1, 0, 0, 0, 1, 1
theguardian_com_png.rf.30dac2e6927bd17bac113010d4b70264.jpg, 1, 0, 1, 0, 1, 0, 0, 1
nrdc_org_png.rf.30f82d86bed3ee1cefaddfc8014ab757.jpg, 1, 1, 1, 0, 1, 0, 1, 1
huffpost_com_png.rf.314b75c0167274b529df0ad823ff35b2.jpg, 1, 0, 1, 1, 1, 0, 1, 0
guardian_co_uk_png.rf.320aeb69f1550df57fed6e57db8e19c8.jpg, 1, 0, 1, 1, 1, 0, 0, 1
otto_de_png.rf.327ad0ed8d5c8a16ebd1888db762ad26.jpg, 1, 1, 0, 0, 1, 0, 1, 1
sciencemag_org_png.rf.32ef8b0baac7f3b28839f28841aefac9.jpg, 1, 0, 1, 1, 1, 0, 1, 1
octagonarts_org_png.rf.32f6f0955b65abf41264ae2e5e115bd2.jpg, 1, 0, 1, 0, 1, 0, 0, 1
startribune_com_png.rf.32f96af93a49dacfb88eba2f778f281d.jpg, 1, 0, 1, 1, 1, 0, 1, 1
support_apple_com_png.rf.33360adaf3ead4117dec8f1d28bf24c9.jpg, 1, 1, 1, 0, 1, 0, 0, 1
patreon_com_png.rf.339339cbf70d315f0599be85f3c003f1.jpg, 1, 1, 1, 0, 1, 0, 0, 1
tvtropes_org_png.rf.340d778982e7f924112e10d6c22317e9.jpg, 1, 1, 1, 0, 1, 0, 1, 1
fortune_com_png.rf.3465c6b47b9864878719d2e9c7336471.jpg, 1, 0, 1, 0, 1, 0, 1, 1
ravelry_com_png.rf.347eebeff97712f3f0163f4fd3d09ad7.jpg, 1, 1, 0, 0, 1, 1, 1, 1
consumer_ftc_gov_png.rf.34a80a70d3837cbaba572ae6d53c42a0.jpg, 1, 1, 1, 0, 1, 0, 1, 1
mapsengine_google_com_png.rf.3588ae6b491b7a94d6a46fe010c5e404.jpg, 0, 0, 1, 0, 0, 0, 1, 1
nodejs_org_png.rf.35EMVcVrQzzBne0nn9gT.jpg, 1, 0, 1, 0, 1, 0, 1, 1
flavors_me_png.rf.35eb053cdf59c5bb85c1466531836610.jpg, 0, 0, 0, 0, 1, 0, 1, 1
blog_livedoor_jp_png.rf.36713b34cf84368aeaf5ad81e372c6df.jpg, 1, 0, 1, 0, 1, 0, 1, 1
evenea_pl_png.rf.36b549504953542de63dfa3092846013.jpg, 1, 1, 1, 1, 1, 1, 1, 1
tagmanager_google_com_png.rf.373458bf3dcee413be7c2e7454faf7c3.jpg, 1, 1, 1, 0, 1, 0, 1, 1
businessinsider_com_png.rf.37bd74584aa29ae623894f96972f8147.jpg, 1, 0, 1, 0, 1, 0, 1, 1
evernote_com_png.rf.38680e1f4cc9d360b2b3eae2e51b4a62.jpg, 1, 0, 1, 0, 1, 0, 1, 1
trello_com_png.rf.390671d043e5d85d81be0ac9c0d36fc3.jpg, 1, 1, 1, 0, 1, 0, 0, 1
lego_com_png.rf.3915209e8111b8a525a75f9bdb5ff24b.jpg, 1, 1, 1, 0, 1, 0, 1, 1
bbcamerica_com_png.rf.391db9c0faa91c4f132d95272782b0be.jpg, 1, 0, 1, 0, 1, 0, 1, 1
de_wikipedia_org_png.rf.394064a7f76575ddf2638f6c8081fa03.jpg, 1, 1, 1, 0, 1, 0, 1, 1
pastebin_com_png.rf.3981052893868550c19d1bb88bfb9275.jpg, 1, 1, 0, 0, 1, 0, 1, 1
transip_nl_png.rf.39bce85a55f093bd5e9c959cd12541f8.jpg, 1, 1, 1, 0, 1, 0, 1, 1
academia_edu_png.rf.39fc3ffa385c7549e22592113b8c6412.jpg, 1, 0, 1, 0, 1, 0, 1, 1
joomla_org_png.rf.39yzBSO1BIVjKJ0yJ4cS.jpg, 1, 1, 1, 1, 0, 0, 1, 1
yandex_ru_png.rf.3DpD2ywo3aSAPVO3JlkD.jpg, 1, 1, 1, 0, 1, 0, 1, 1
prnewswire_com_png.rf.3EhSvSGLCgPdPJk3dzPl.jpg, 1, 0, 1, 0, 1, 0, 1, 1
thehill_com_png.rf.3FRV7oMbOipDxcYf00mc.jpg, 1, 1, 1, 1, 1, 0, 1, 1
scientificamerican_com_png.rf.3KMszb49XWREZ8EVqina.jpg, 1, 0, 1, 1, 1, 0, 1, 1
handelsblatt_com_png.rf.3Ss3ElLsVxlTPSZEc9r9.jpg, 1, 1, 1, 1, 1, 0, 1, 1
yr_no_png.rf.3a0074ef6784e15adfbb193e4fac8a4c.jpg, 1, 1, 0, 0, 1, 0, 1, 1
mashable_com_png.rf.3a6eb94f60c6eb871874fdc973379f89.jpg, 1, 0, 0, 0, 1, 0, 1, 1
sherwin-williams_com_png.rf.3a72790904c942986b832e10e8f70da4.jpg, 1, 0, 1, 0, 1, 0, 1, 1
shareasale_com_png.rf.3af7836d755a8a966e31d05e533e11b9.jpg, 1, 0, 0, 0, 1, 0, 0, 1
reactjs_org_png.rf.3b31f210fbda9e97ee3ea6c46101556d.jpg, 1, 1, 1, 0, 1, 0, 1, 1
onesignal_com_png.rf.3b547931d67aaeca7cd72562c1681167.jpg, 1, 0, 1, 0, 1, 0, 0, 1
marketplace_visualstudio_com_png.rf.3b7377d6bf9c92fce95a51f2e538f075.jpg, 1, 1, 1, 0, 1, 0, 1, 1
gmpg_org_png.rf.3ba8edee5676244d2414cdd131ddb2a0.jpg, 0, 0, 1, 0, 0, 0, 1, 1
yelp_com_png.rf.3bb4ec6278a90820dbd1caf9b2b20d81.jpg, 1, 1, 1, 0, 1, 0, 1, 1
ads_google_com_png.rf.3bc53Y4Fpx087juKWFPH.jpg, 1, 0, 1, 0, 1, 0, 1, 1
pexels_com_png.rf.3bcc779a7156bfad132f419573b8f711.jpg, 0, 1, 1, 1, 1, 0, 0, 0
fr_wikipedia_org_png.rf.3c36972b63dc4e4eae534f711e8f9ebe.jpg, 1, 1, 1, 0, 1, 0, 1, 1
wiki_mozilla_org_png.rf.3c40e9cce48bdb9a7c3a9a4de5cda856.jpg, 1, 1, 1, 0, 1, 0, 1, 1
store_google_com_png.rf.3c8d717c57a97f3b9407ce756cea0ac5.jpg, 1, 0, 0, 0, 1, 0, 1, 1
myaccount_google_com_png.rf.3ce8f9f3883062cb3f49a0458c06fbb8.jpg, 1, 0, 0, 0, 1, 0, 1, 1
quora_com_png.rf.3c7a8895b91816279aa84745dfbc822f.jpg, 1, 1, 1, 0, 1, 0, 1, 1
amazon_com_br_png.rf.3d024431043f28ff3b2e626309068fc0.jpg, 1, 1, 1, 0, 1, 0, 1, 1
audible_com_png.rf.3d0ce3a64c0d0c021cb72e3420c15f02.jpg, 1, 1, 1, 0, 1, 0, 1, 1
cdn_jsdelivr_net_png.rf.3d14343c95129d56f9234ce85e2167cd.jpg, 1, 0, 1, 0, 1, 0, 1, 1
popsci_com_png.rf.3d7d0751dd2f768b14badf4279093467.jpg, 1, 0, 0, 0, 1, 0, 1, 1
freewebs_com_png.rf.3d98a913f8d699f4c87f09e9e75c85f2.jpg, 1, 1, 1, 0, 1, 0, 1, 1
news_com_au_png.rf.3deqlTSrAiADPpl73YLP.jpg, 1, 1, 1, 0, 1, 0, 1, 1
ziprecruiter_com_png.rf.3e23be1eaa501ea6a8010d1595b0dc13.jpg, 1, 1, 1, 0, 1, 0, 1, 1
s3-us-west-2_amazonaws_com_png.rf.3e48e02961d869124a6cc9e713a48b44.jpg, 1, 0, 1, 1, 1, 0, 0, 1
sfchronicle_com_png.rf.3e52fb6bc0816d349340747c6cf6bcdd.jpg, 1, 0, 0, 1, 1, 0, 0, 1
itv_com_png.rf.3e981d9eff22b927842b0ecd8b8b5038.jpg, 1, 0, 1, 0, 1, 0, 1, 1
cnet_com_png.rf.3f15bcdddff68acaa20dedfc9613c7ab.jpg, 1, 0, 1, 1, 1, 0, 1, 1
windows_microsoft_com_png.rf.3f6b1f6d76f97c79c23b12c04b0957cd.jpg, 1, 0, 1, 0, 1, 0, 1, 1
pastebin_com_png.rf.3fFzie6MrfxkDxMFMFsO.jpg, 1, 1, 0, 0, 1, 0, 1, 1
kobo_com_png.rf.3ho7JqiGt3LlIl1twub9.jpg, 1, 1, 1, 0, 1, 0, 1, 1
business_linkedin_com_png.rf.3jQsAihG1z1QUVTvyrql.jpg, 1, 0, 1, 0, 1, 0, 0, 1
upload_wikimedia_org_png.rf.3muXrl881ybGplVMlwUd.jpg, 1, 1, 1, 0, 1, 0, 1, 1
fr_linkedin_com_png.rf.3r3j40R71C5LDJB30DdP.jpg, 1, 1, 1, 0, 1, 1, 0, 1
spotify_com_png.rf.3sqFZv3JsABMg5VRyuiX.jpg, 1, 0, 1, 0, 1, 0, 1, 1
crowdrise_com_png.rf.3zouZ2JGI6CANgKc1w5M.jpg, 1, 0, 1, 0, 1, 0, 1, 1
washingtontimes_com_png.rf.405096f8e5ecb4311ad94ec603aedff3.jpg, 0, 1, 1, 1, 1, 0, 1, 1
wp-rocket_me_png.rf.40517baa42f8ff54df0084ba4d911a81.jpg, 1, 0, 1, 0, 0, 0, 1, 1
theknot_com_png.rf.409uM9octh6x3hlik7vg.jpg, 1, 0, 1, 0, 1, 0, 1, 1
l_facebook_com_png.rf.40ffac060d5e43d8dce67869393b6504.jpg, 1, 1, 1, 0, 1, 1, 1, 1
rt_com_png.rf.413145597ae5529ee522641c6133041b.jpg, 1, 1, 1, 0, 1, 0, 1, 1
whatismyip_com_png.rf.4184f1ab2f2628dff941e8cc601e3360.jpg, 1, 0, 1, 1, 1, 0, 1, 1
livestrong_com_png.rf.41aaa055058e89b0f1e2a42b64384665.jpg, 0, 1, 1, 0, 1, 0, 1, 1
apps_apple_com_png.rf.41fd3b856ebde1afcccbd2054d568017.jpg, 1, 0, 1, 0, 1, 0, 1, 1
houzz_com_png.rf.429020faf9cb661c5684559c37f1ef58.jpg, 1, 1, 1, 1, 1, 0, 1, 1
box_com_png.rf.433843fd911ef1bf0377c92c1b20997b.jpg, 1, 1, 1, 0, 1, 0, 1, 1
about_me_png.rf.4350bd41fa0eb32033d55e857444df7b.jpg, 1, 0, 1, 0, 1, 0, 1, 1
fonts_google_com_png.rf.438a8108b438b915a3090ae785e62035.jpg, 1, 1, 1, 0, 1, 0, 1, 1
experian_com_png.rf.43aafb9abe61ab5a2566de0cc3d6ca1f.jpg, 1, 0, 1, 0, 1, 0, 1, 1
wttc_org_png.rf.43e9a22ff2c6a68c140cf07311c1972f.jpg, 1, 0, 1, 0, 1, 0, 0, 1
hootsuite_com_png.rf.43faee33b310e45993cfcc51ad48b975.jpg, 1, 0, 1, 0, 1, 0, 1, 1
mewe_com_png.rf.4442d2128cfcaca0b258e25538bcad44.jpg, 1, 1, 1, 0, 1, 1, 1, 1
educationboardresults_gov_bd_png.rf.447b248f9b5215d9d1394e1d620826ba.jpg, 0, 1, 1, 0, 1, 0, 1, 1
hbr_org_png.rf.44EBz7MkckSHoY4vhPTn.jpg, 1, 0, 1, 1, 1, 0, 1, 1
chess_com_png.rf.44c172e6ec2a5594ec3af7ccddbc1be0.jpg, 1, 0, 1, 0, 1, 0, 1, 1
prnt_sc_png.rf.44cff8cbb79fbc50220b980bec870a52.jpg, 1, 0, 1, 1, 1, 0, 1, 1
thinkwithgoogle_com_png.rf.44d1422251893401d776babec346f42b.jpg, 1, 1, 1, 0, 1, 0, 1, 1
wsj_com_png.rf.44d22335579d163693ffd5e934da62c4.jpg, 1, 0, 1, 1, 1, 0, 1, 1
billboard_com_png.rf.44d2b9c12d6c6dc024907cc1174371f9.jpg, 1, 0, 1, 1, 1, 0, 1, 1
elsevier_com_png.rf.44ecef5d28ddb3122ec5670d186f00aa.jpg, 1, 0, 1, 0, 1, 0, 0, 1
wish_com_png.rf.4564da78a3f111119d5a08c3532fb708.jpg, 1, 1, 0, 0, 1, 0, 1, 1
venturebeat_com_png.rf.457a3cad60d28f45dd9d5edfb22e56b3.jpg, 1, 1, 1, 1, 1, 0, 1, 1
link_springer_com_png.rf.45a61bc7eae317731e6cc4988c423695.jpg, 1, 1, 1, 0, 1, 0, 1, 1
time_com_png.rf.46f359cc9fcb68b89cffe302f6a1089e.jpg, 1, 0, 1, 0, 1, 0, 0, 1
coinbase_com_png.rf.475f48c424a1199e6abf83c29f200e1e.jpg, 1, 1, 1, 0, 1, 1, 0, 1
source_android_com_png.rf.476b0c2f76e82db9f422d5cf05401265.jpg, 1, 1, 1, 0, 1, 0, 1, 1
jetsetter_com_png.rf.47ae86abbc3fe9633fe112eef183d64d.jpg, 1, 1, 0, 1, 1, 0, 1, 1
berkeley_edu_png.rf.47eb8d33c7e52ac9eaef7d1a7c1d435a.jpg, 1, 1, 1, 0, 0, 0, 1, 1
fastcompany_com_png.rf.4825bf529101d4ff2dfca5263ab4b478.jpg, 1, 0, 1, 0, 1, 0, 1, 1
unicef_org_png.rf.4848ddc9a901309acc2c428b814d71e9.jpg, 1, 0, 1, 0, 1, 1, 1, 1
istockphoto_com_png.rf.48ac99b5034f9a406e799b98d8b7d020.jpg, 1, 1, 1, 0, 1, 0, 1, 1
huffingtonpost_co_uk_png.rf.48b08d1283112eda4918a065fb00a029.jpg, 1, 0, 1, 0, 1, 0, 1, 1
hotmail_com_png.rf.48b27df47b3d390eac8f57bc264e13a7.jpg, 1, 0, 1, 0, 0, 0, 0, 1
ucl_ac_uk_png.rf.48c41b2d3394ecc71b35eaf061ab7e3e.jpg, 1, 1, 1, 0, 1, 0, 1, 1
ib_adnxs_com_png.rf.49559b1558f1a114158c16946ac700ef.jpg, 1, 0, 1, 0, 1, 0, 1, 1
bhf_org_uk_png.rf.493366835b7519f9ca3e645eb3d2c2fc.jpg, 1, 0, 1, 0, 1, 0, 1, 1
intel_com_png.rf.496cbd23563c68323edb346a1030df06.jpg, 1, 0, 1, 0, 1, 0, 1, 1
business_com_png.rf.49C0kuX57SX4dJYo9HqF.jpg, 1, 0, 1, 0, 1, 0, 1, 1
cafepress_com_png.rf.49c4509094c5402d491cbff9b361eb55.jpg, 1, 1, 0, 0, 1, 0, 1, 1
dailymotion_com_png.rf.4A994ex3YfvKmg2XsDHa.jpg, 1, 0, 1, 0, 1, 0, 1, 1
marketplace_visualstudio_com_png.rf.4DA3amBKrLnGHXPq9IBO.jpg, 1, 1, 1, 0, 1, 0, 1, 1
tesla_com_png.rf.4Jw1TSDyuDOowLUpa071.jpg, 1, 0, 1, 0, 1, 0, 0, 0
csrc_nist_gov_png.rf.4RIddyX4iqp9TJ0jWupv.jpg, 1, 1, 1, 0, 1, 0, 1, 1
i_imgur_com_png.rf.4Rdj5ruEQsIJnoUNYKtJ.jpg, 1, 1, 0, 0, 1, 0, 1, 1
skillshare_com_png.rf.4S29on8QZSdfaFild07w.jpg, 1, 0, 1, 0, 1, 0, 1, 1
neilpatel_com_png.rf.4a1d39431014be07e7ec82e195361f98.jpg, 1, 1, 1, 0, 1, 0, 0, 1
support_twitter_com_png.rf.4b7093d61a6dec95b6f6d9bdc6f2839d.jpg, 1, 1, 1, 0, 1, 0, 1, 1
aclu_org_png.rf.4b3b1951a1920642f16af3819413d496.jpg, 1, 0, 0, 1, 1, 0, 0, 1
flaticon_com_png.rf.4be6cddc145bd8f5cef274f4780df141.jpg, 1, 1, 1, 0, 1, 0, 1, 1
de-de_facebook_com_png.rf.4c547ca2596fb42ac8a73b941a1d4067.jpg, 1, 1, 1, 0, 1, 1, 1, 1
nzherald_co_nz_png.rf.4caee71a94a9ce5375bcaea464461019.jpg, 1, 1, 1, 1, 1, 0, 1, 1
urbandictionary_com_png.rf.4c8cf27ad4fcd45f98698dc2aa770608.jpg, 1, 1, 0, 0, 1, 0, 1, 1
affiliate-program_amazon_com_png.rf.4e0aa4ca9552d50d4bf8ae4245d0dc47.jpg, 1, 0, 1, 0, 1, 0, 1, 1
change_org_png.rf.4e895c69404ba97549440fa7aae97f78.jpg, 1, 0, 1, 0, 1, 0, 1, 1
archive_org_png.rf.4ec10709a9fa4fd613ba26cca033ac28.jpg, 1, 1, 1, 0, 1, 0, 1, 1
telegraph_co_uk_png.rf.4ec650e2322c8089f8e52e988d6ed0db.jpg, 1, 0, 1, 1, 1, 0, 1, 1
justgiving_com_png.rf.4f580765c189df4184e7c93e02a62639.jpg, 1, 0, 1, 0, 1, 0, 1, 1
reurl_cc_png.rf.4fce30b49558f410a76c4323e3996482.jpg, 1, 1, 1, 1, 0, 1, 0, 1
ziprecruiter_com_png.rf.4jXK7l4IEPQ5wqqyRg5V.jpg, 1, 1, 1, 0, 1, 0, 1, 1
docker_com_png.rf.4qGIwn8OFM6fLGdDZY7Q.jpg, 1, 0, 1, 0, 1, 0, 1, 1
inc_com_png.rf.4rcbcvRuekANiSH9H6dg.jpg, 1, 0, 1, 0, 1, 0, 1, 1
sitepoint_com_png.rf.4s042woqBOwP50nQExek.jpg, 1, 1, 1, 1, 1, 0, 0, 1
ietf_org_png.rf.4sgKx5Llb3M3ZIqYRpJe.jpg, 1, 0, 1, 0, 1, 0, 1, 1
dribbble_com_png.rf.4t7KSzbZEyIlyrQ2PZik.jpg, 1, 0, 1, 0, 1, 0, 1, 1
drupal_org_png.rf.4vEExnujwhjaJuTtJSm5.jpg, 0, 0, 1, 1, 1, 0, 1, 1
es_wikipedia_org_png.rf.4wMbFbOYnOD3IsHb9ZTO.jpg, 1, 1, 1, 0, 1, 0, 1, 1
zeit_de_png.rf.4yVbL7dFar6coa8VGAcj.jpg, 1, 0, 1, 1, 0, 0, 1, 1
blender_org_png.rf.50996a628b3d166b238a28221bf63a95.jpg, 1, 0, 0, 0, 1, 0, 1, 1
calameo_com_png.rf.510fc956c3008b084f80836e0d7a3516.jpg, 1, 1, 1, 0, 1, 0, 1, 1
paypal_me_png.rf.51121f29dc69ff6318b3bf95223f1459.jpg, 1, 0, 1, 0, 1, 0, 1, 1
icloud_com_png.rf.513612cac20fb5e028b9a049c8fc1d13.jpg, 1, 0, 0, 1, 1, 0, 1, 1
etsy_com_png.rf.514958691bf494cb4773422e62d6ea41.jpg, 1, 1, 1, 0, 0, 0, 0, 1
news_harvard_edu_png.rf.4xqZIkRjIi6k2ijBc8O7.jpg, 1, 0, 1, 0, 1, 0, 1, 1
pusher_com_png.rf.522567740ac6ae00bf17ff64639fc5a9.jpg, 1, 0, 1, 0, 1, 0, 1, 1
gdpr-info_eu_png.rf.52b01b85bbbdb85b7f7ef24fa6e9b572.jpg, 1, 1, 1, 0, 1, 0, 1, 1
justgiving_com_png.rf.Tc1HnNk09EpGHAz3ltDI.jpg, 1, 0, 1, 0, 1, 0, 1, 1
aweber_com_png.rf.Tq3rLUMAoEjIsQ1LCNRi.jpg, 1, 0, 1, 1, 1, 0, 0, 0
deezer_com_png.rf.U4qMmWhajj4TxAVRnTRF.jpg, 1, 0, 1, 0, 1, 0, 1, 1
draugiem_lv_png.rf.U6tVq8gefjMZUG4bdbQl.jpg, 1, 1, 0, 0, 1, 0, 1, 1
teespring_com_png.rf.UAMeJSgSkD9jSx2pRCTj.jpg, 1, 0, 1, 0, 1, 0, 1, 1
fedoraproject_org_png.rf.U7NARWVsA4buZ9qtW4ya.jpg, 1, 0, 1, 0, 1, 0, 1, 1
hackaday_com_png.rf.UEE4MWqCwPV4Axt1UNI7.jpg, 1, 0, 1, 1, 1, 1, 1, 1
web_stanford_edu_png.rf.UGwQhbhVcOFPakSXztIs.jpg, 1, 0, 0, 0, 0, 0, 0, 1
bmj_com_png.rf.UOXiJbOfucHTTptTy12E.jpg, 1, 0, 1, 1, 1, 0, 1, 1
cdnjs_cloudflare_com_png.rf.UXMJPqgF0C3wrouMsF9M.jpg, 1, 1, 0, 0, 1, 0, 1, 1
elsevier_com_png.rf.UdlwjR4qps54f7WnkJTV.jpg, 1, 0, 1, 0, 1, 0, 0, 1
access_redhat_com_png.rf.Ugv2zDQYyFD7o2XCFT1x.jpg, 1, 1, 1, 0, 1, 1, 1, 1
cafepress_com_png.rf.VAnb0gmjXH3Wmciq9nWf.jpg, 1, 1, 0, 0, 1, 0, 1, 1
zen_yandex_ru_png.rf.UclkrxqBOvBczz8P4r0w.jpg, 1, 0, 1, 0, 1, 0, 0, 1
hp_com_png.rf.VUnbFAeeU1RffEkoUqW5.jpg, 1, 0, 1, 0, 1, 0, 1, 1
producthunt_com_png.rf.VJ6gG2RfDvJKUwYIy2tI.jpg, 1, 1, 1, 0, 1, 0, 1, 1
good_is_png.rf.UfOLipnlYqhJ2tmo7K12.jpg, 1, 0, 1, 0, 1, 0, 1, 1
support_mozilla_org_png.rf.ViBBbEMDpsU0zeDynaf8.jpg, 1, 1, 1, 0, 1, 0, 1, 1
lynda_com_png.rf.V7uBdL64kGGtPcwHgGOJ.jpg, 1, 1, 1, 0, 1, 0, 1, 1
collegehumor_com_png.rf.VoFZg9jIJeZlBBvoNU0M.jpg, 1, 1, 1, 0, 1, 0, 1, 1
theculturetrip_com_png.rf.VBDdCooT4IheXOEiSHUd.jpg, 1, 1, 1, 0, 1, 0, 1, 1
discord_gg_png.rf.VmzPVqtSc9BMew6ur9qe.jpg, 1, 0, 1, 0, 1, 0, 0, 1
helpx_adobe_com_png.rf.VymJS9eobexLKT89rJTv.jpg, 1, 1, 1, 0, 1, 0, 1, 1
economist_com_png.rf.Vn18x9xojxL7w7EJdHgC.jpg, 1, 0, 1, 1, 1, 0, 1, 1
hub_docker_com_png.rf.W1I9lCPZzbEz7IZu8Bq7.jpg, 1, 1, 0, 1, 1, 0, 1, 1
promods_net_png.rf.W7R9zipjdYaCqfpTOY42.jpg, 1, 0, 1, 0, 1, 0, 1, 1
channel9_msdn_com_png.rf.W36tad5tFEkiP5MkW8Dl.jpg, 1, 1, 1, 0, 1, 0, 1, 1
blog_livedoor_jp_png.rf.WHrSkCVm4uyF3dspgeQD.jpg, 1, 0, 1, 0, 1, 0, 1, 1
etherscan_io_png.rf.WIpWDaZzPxAhQWvhvWRz.jpg, 1, 1, 1, 1, 1, 0, 1, 1
neilpatel_com_png.rf.WMZ6fsLDztmgKVNwi5Yn.jpg, 1, 1, 1, 0, 1, 0, 0, 1
spectrum_ieee_org_png.rf.WMHc0rhnsbRUCU8r9tHa.jpg, 1, 0, 0, 1, 0, 0, 1, 1
newegg_com_png.rf.WTkhtgNulQb6HbKkPrCi.jpg, 0, 0, 1, 1, 1, 0, 1, 1
addthis_com_png.rf.WXXffhnH9EjnQdHcLB3F.jpg, 1, 0, 1, 0, 1, 0, 0, 1
autodesk_com_png.rf.WlmG8MpfV1FFv10GwonN.jpg, 1, 0, 1, 1, 1, 0, 0, 1
seroundtable_com_png.rf.Wn8Sb93UfiuiAHMhjLwQ.jpg, 1, 1, 1, 1, 1, 0, 1, 1
webmd_com_png.rf.WnXlJWb2lruIf3fQFdYW.jpg, 0, 0, 1, 0, 1, 0, 1, 1
chat_whatsapp_com_png.rf.WtasGM5eOHNKVbezBW3l.jpg, 1, 0, 1, 0, 1, 0, 1, 1
nsf_gov_png.rf.Wz2T0psHSczISP80hMIR.jpg, 1, 1, 1, 0, 1, 0, 1, 1
breitbart_com_png.rf.X8z3oYi6tKwqP7u3xLDl.jpg, 1, 0, 1, 1, 1, 0, 1, 1
nanowrimo_org_png.rf.X9j4EKrKDnzGxdfyO02M.jpg, 1, 0, 1, 0, 1, 0, 1, 1
avg_com_png.rf.XMeI7aI7G2PDMfJneXpk.jpg, 1, 0, 1, 0, 1, 0, 1, 1
research_googleblog_com_png.rf.XQz6llCxtZZuBBhH4YC1.jpg, 1, 1, 1, 0, 1, 0, 1, 1
fiverr_com_png.rf.XYV234Vo6YKaA1SwarQC.jpg, 0, 0, 1, 1, 1, 0, 0, 1
pcworld_com_png.rf.XZk7uWi6lbnJAnRal72Y.jpg, 1, 1, 1, 0, 1, 0, 1, 1
blogs_wsj_com_png.rf.XlYtkxWEHS6mMJ7k2idh.jpg, 1, 0, 1, 1, 1, 0, 1, 1
ai_google_png.rf.XsFdoBrUeFgasJtvilOv.jpg, 1, 0, 0, 0, 1, 0, 0, 1
ebay_de_png.rf.Xn8d052YN5wTxmVmAnWz.jpg, 1, 1, 1, 0, 1, 0, 1, 1
eepurl_com_png.rf.XyRs0BEaXxOGijFnUh2R.jpg, 0, 0, 1, 0, 1, 0, 1, 1
livestream_com_png.rf.Y1wKhmXBpVZvOfRyRUve.jpg, 1, 0, 1, 0, 1, 0, 1, 1
atom_io_png.rf.YBcT52ELgYTKnffi38PN.jpg, 1, 0, 0, 0, 1, 0, 0, 1
simonandschuster_com_png.rf.Y7e1IbjLImMxfbVHY2iw.jpg, 1, 0, 1, 0, 1, 0, 1, 1
cbsnews_com_png.rf.YKxv1iIyAYdPj9UdYbIi.jpg, 1, 0, 1, 1, 1, 0, 0, 1
ask_fm_png.rf.Y2ANYRQIbzRRZNccepz2.jpg, 1, 0, 0, 0, 1, 0, 0, 1
marketwatch_com_png.rf.YLNgiIi6cEhyWxwAoMWS.jpg, 1, 1, 1, 1, 1, 1, 1, 1
aboutcookies_org_png.rf.YQVjtFrfL1bacsRCLsKq.jpg, 1, 0, 1, 0, 1, 0, 1, 1
freecodecamp_org_png.rf.YYKNAOfH7ymDHkB5Hbab.jpg, 1, 1, 1, 0, 1, 0, 0, 0
peatix_com_png.rf.YaTY562yjPmApdCBE7zh.jpg, 1, 1, 1, 0, 1, 0, 0, 1
cell_com_png.rf.YfF00dH4MQu8z5NcRSgP.jpg, 1, 0, 1, 1, 1, 0, 1, 1
wattpad_com_png.rf.YoJfRbqO0Y8Sev4phbFc.jpg, 1, 1, 1, 0, 1, 0, 0, 1
news_mit_edu_png.rf.YvprlAzAjWFma8HD6RL0.jpg, 1, 1, 1, 0, 1, 0, 1, 1
nature_com_png.rf.Z07A0fQB9g0XYpIjIxuc.jpg, 1, 0, 1, 1, 1, 0, 1, 1
wish_com_png.rf.Z1qF8gHCedEWUFWggrRa.jpg, 1, 1, 0, 0, 1, 0, 1, 1
dummies_com_png.rf.ZIhEiWK1X5PmzJ9Cuek7.jpg, 1, 1, 1, 0, 1, 0, 0, 1
ohchr_org_png.rf.Z85mHS85GYXCLat9H7o8.jpg, 1, 1, 0, 1, 1, 0, 1, 1
irs_gov_png.rf.ZIlL4T40r8RRaOh6pZGs.jpg, 1, 1, 1, 0, 1, 0, 1, 1
smithsonianmag_com_png.rf.ZNvNIBVdsOmW1hsvmfqd.jpg, 1, 1, 1, 1, 1, 0, 1, 1
theconversation_com_png.rf.ZQRXsGc99OBqEsCQOtHM.jpg, 1, 1, 1, 0, 1, 0, 1, 1
openoffice_org_png.rf.ZTS48uW2DzFtEcDNy3SR.jpg, 1, 1, 1, 0, 1, 0, 1, 1
sxsw_com_png.rf.ZYGnuAtFtOtekQgko3gO.jpg, 1, 0, 1, 0, 1, 0, 1, 1
lefigaro_fr_png.rf.ZcKHE1gGQ6IR8uR2BN4X.jpg, 1, 0, 1, 0, 1, 0, 1, 1
paypal_com_png.rf.ZhF1V4hvl94tVppemKL3.jpg, 1, 0, 1, 0, 1, 0, 1, 0
lego_com_png.rf.Zr5Nv8y75T9Mn5ZGvr76.jpg, 1, 1, 1, 0, 1, 0, 1, 1
uscis_gov_png.rf.ZsCPaktzc9yms9DtdcD4.jpg, 1, 1, 0, 0, 1, 0, 1, 1
wikiwand_com_png.rf.a09dc2901132455a5a076ad946fa2ade.jpg, 1, 0, 1, 0, 1, 0, 0, 1
clickondetroit_com_png.rf.a0f97ece8bde74a0b78d8bb5822d67b4.jpg, 1, 0, 1, 1, 1, 0, 1, 1
bluehost_com_png.rf.a023ad6e273617873e04e81d59a07247.jpg, 1, 0, 1, 0, 1, 0, 1, 1
fineartamerica_com_png.rf.a0fa4ba4f678e08ad81905d86d86e8a3.jpg, 1, 1, 1, 0, 1, 0, 1, 1
uber_com_png.rf.a10968903808f201bee9ebdfe9f8ec69.jpg, 1, 0, 1, 0, 1, 0, 1, 1
lifehacker_com_png.rf.a1251bf2aaee9fb0583b500c401f91ff.jpg, 1, 0, 1, 0, 1, 0, 1, 1
breitbart_com_png.rf.a17db98863ee98265499cfa68eb1069e.jpg, 1, 0, 1, 1, 1, 0, 1, 1
yahoo_com_png.rf.a19d897f265bee93cf5d922de8b1eac5.jpg, 1, 1, 1, 0, 1, 0, 1, 1
7-zip_org_png.rf.a1e68d22bb88d429ee318e8c85c917f9.jpg, 0, 0, 1, 0, 1, 0, 1, 1
elitedaily_com_png.rf.a1ef3c40aaf23c99a1d161c96186d204.jpg, 1, 0, 1, 0, 1, 0, 0, 1
hackerone_com_png.rf.a364c750d8aef2549ddfc826252cc96d.jpg, 1, 0, 1, 0, 1, 0, 1, 1
boredpanda_com_png.rf.a2a9031d8017257c935ea76a04db5aed.jpg, 1, 0, 1, 1, 1, 0, 0, 1
ibb_co_png.rf.a43c499e107cd37e2f3b073bc24d8e8a.jpg, 1, 0, 1, 1, 1, 0, 0, 1
travel_state_gov_png.rf.a4451edcac05aa865829c9c3238a481a.jpg, 1, 1, 1, 0, 1, 0, 1, 1
pt_wikipedia_org_png.rf.a50af45eb22466772e4c09de8975585b.jpg, 1, 1, 1, 0, 1, 0, 1, 1
booking_com_png.rf.a51bf5ac61f620526656f630be521a50.jpg, 1, 1, 1, 0, 1, 1, 1, 1
cloudflare_com_png.rf.a58dbd4298e68aed5029bdd94b0e8125.jpg, 1, 0, 1, 0, 1, 0, 1, 1
alternativeto_net_png.rf.a73a74a190174f7d3af5fda1819d94b7.jpg, 1, 1, 1, 1, 1, 0, 1, 1
surveymonkey_com_png.rf.a5bbf15f247f9e5d5138d55ca5b6dbe7.jpg, 1, 0, 1, 1, 1, 0, 0, 1
fcc_gov_png.rf.a6876d639919601d5c37d015743c80b4.jpg, 1, 1, 1, 0, 1, 0, 1, 1
simple_wikipedia_org_png.rf.a7a69804f6650a383b814c0e3294e8fd.jpg, 1, 1, 1, 0, 1, 0, 1, 1
cia_gov_png.rf.a7d704694f34402a5bfe6d661d9aa8e3.jpg, 1, 1, 1, 1, 1, 0, 1, 1
politico_com_png.rf.a853b334b7054b6c55a5f8e2360e1097.jpg, 1, 0, 1, 1, 1, 0, 1, 1
foursquare_com_png.rf.a8c3af87961d6b1b7cf75309406148ed.jpg, 0, 0, 1, 1, 0, 0, 1, 1
upwork_com_png.rf.a8fdb0a37a81c4ff52eeff6a7e8c104d.jpg, 0, 0, 1, 1, 0, 0, 1, 1
zen_yandex_ru_png.rf.a9044180dbe17f40ca43c8968417a8db.jpg, 1, 0, 1, 0, 1, 0, 0, 1
geocaching_com_png.rf.a9437044eeec669bdbfce635d2aba389.jpg, 1, 0, 1, 0, 1, 0, 1, 1
forum_xda-developers_com_png.rf.a99HQckuaeBW7EcPHWlI.jpg, 1, 1, 1, 1, 1, 0, 1, 1
sumo_com_png.rf.aAiSNUqgq4jEgY3MGfiN.jpg, 1, 1, 1, 0, 1, 0, 1, 1
threejs_org_png.rf.aa3faa23b6c26f03d6809c0013580821.jpg, 1, 0, 1, 0, 1, 0, 1, 0
redbubble_com_png.rf.aa1107a3a9ec49674ea9613e9d0d43db.jpg, 1, 1, 1, 0, 1, 0, 0, 1
weibo_com_png.rf.aa49c5420c87b024dc597ba9da4fe322.jpg, 1, 1, 1, 1, 1, 0, 1, 1
nbc_com_png.rf.aa5192301441d317912c9765f008935f.jpg, 1, 0, 1, 0, 1, 0, 0, 1
indiegogo_com_png.rf.aab9e84fad06985f5d7e777ca2d33e19.jpg, 1, 0, 0, 0, 1, 0, 1, 1
aboutcookies_org_png.rf.ab7e99e5cb98f703ffd75bff6ef4f154.jpg, 1, 0, 1, 0, 1, 0, 1, 1
twitter_com_png.rf.ab852c9f73caa7d3591c426262b02679.jpg, 1, 1, 0, 0, 1, 0, 0, 1
soundcloud_com_png.rf.ac2f0cf38154ebc19f9cead70f2cb939.jpg, 1, 1, 1, 0, 1, 0, 1, 1
snopes_com_png.rf.ac5428f6b6880d7d1173ef94cffb0b47.jpg, 1, 1, 1, 0, 1, 0, 1, 1
code_visualstudio_com_png.rf.acafe1281e971715528383858c63b8db.jpg, 1, 0, 1, 0, 1, 0, 1, 1
news_harvard_edu_png.rf.ad429a041363f9b40d66012de6d550e2.jpg, 1, 0, 1, 0, 1, 0, 1, 1
ctt_ac_png.rf.adKJeARPbrPDEFpVvapl.jpg, 1, 0, 1, 1, 1, 0, 0, 1
wow_link_png.rf.adb4256da71bebd5591cf8023f4d7b64.jpg, 1, 1, 1, 0, 0, 0, 1, 1
marktplaats_nl_png.rf.ae636b997119f835eabad804e60c5cee.jpg, 1, 1, 1, 1, 1, 1, 1, 1
deviantart_com_png.rf.ae70b1f00d3201d201907fe27117838e.jpg, 1, 0, 0, 0, 1, 0, 1, 1
oasis-open_org_png.rf.aea26c67fa17a21675d057d65841a77d.jpg, 1, 1, 1, 0, 1, 1, 1, 1
code_google_com_png.rf.aedbbe9acfa39b648d9686572b0fd366.jpg, 1, 0, 1, 0, 1, 0, 1, 1
newsweek_com_png.rf.af01363a51f0fd0e2e92449342e2abf2.jpg, 1, 1, 1, 0, 1, 1, 1, 1
ko-fi_com_png.rf.af0563ac9e9770c823993590b63dcf5d.jpg, 1, 1, 0, 0, 1, 0, 1, 1
ge_tt_png.rf.af805098aa68b02b7ec057570f7e6557.jpg, 1, 0, 1, 0, 1, 0, 1, 1
photos_google_com_png.rf.af4270a010cd5caeb6964cea1cb1613c.jpg, 1, 0, 1, 0, 1, 0, 0, 1
stocktwits_com_png.rf.af92e2a938417baf6ac5fef93bcd79bc.jpg, 0, 0, 1, 0, 1, 0, 1, 1
seroundtable_com_png.rf.aff011e9b3bca49c16369fb79e82fc84.jpg, 1, 1, 1, 1, 1, 0, 1, 1
adssettings_google_com_png.rf.akH5MXgkQGmXDQoT0wDt.jpg, 1, 0, 0, 0, 1, 0, 1, 1
expedia_com_png.rf.atDpKOWrLgiPQamG4Ido.jpg, 1, 1, 1, 1, 1, 0, 0, 1
store_google_com_png.rf.auh36gCABqkn9GexxucU.jpg, 1, 0, 0, 0, 1, 0, 1, 1
drive_google_com_png.rf.b02abbfab4b54e721d301974b6eeb3f0.jpg, 1, 1, 1, 0, 1, 0, 1, 1
liveinternet_ru_png.rf.b01accfad78910be5ff082c89d5196b3.jpg, 1, 1, 1, 0, 1, 1, 1, 1
labnol_org_png.rf.b0452f75eb6b07587ae8a784c60afa5f.jpg, 1, 0, 1, 0, 1, 0, 0, 1
handelsblatt_com_png.rf.b04c91052db5a5016a12802e710eeaad.jpg, 1, 1, 1, 1, 1, 0, 1, 1
nber_org_png.rf.b0GiizFIuE5B2rbzITrE.jpg, 0, 1, 1, 0, 1, 0, 1, 1
icann_org_png.rf.b0d315f1976f243580d9d7773a1cb8e4.jpg, 1, 1, 1, 0, 1, 0, 1, 1
dribbble_com_png.rf.b0fad224e3378bb9807303f9e78ef06d.jpg, 1, 0, 1, 0, 1, 0, 1, 1
buymeacoffee_com_png.rf.b14d19aca61c026c7f6d8636e872a67a.jpg, 1, 1, 1, 0, 1, 0, 0, 1
storify_com_png.rf.b18751162db23b436f99dce3bf17bdd6.jpg, 1, 0, 1, 0, 1, 0, 1, 1
9to5mac_com_png.rf.b280c437f46781de696d7057495c4bf9.jpg, 1, 0, 1, 1, 1, 0, 1, 1
cancerresearchuk_org_png.rf.b29165dbbde0da35f4a146c632c627f8.jpg, 1, 1, 1, 0, 1, 0, 1, 1
searchengineland_com_png.rf.b2d7949ca9b2e6715d01ccb0ad3a77ed.jpg, 1, 1, 1, 1, 1, 0, 1, 1
nbcnews_com_png.rf.b2f294b753be0cbf84a29c3ec6ae1fa6.jpg, 1, 0, 1, 0, 1, 0, 1, 1
simonandschuster_com_png.rf.b2fec3d7e97ffb7c6d9654eade5fb88b.jpg, 1, 0, 1, 0, 1, 0, 1, 1
web_whatsapp_com_png.rf.b303a5e3c945f5d17b79615e1d007c20.jpg, 1, 0, 1, 0, 1, 0, 1, 1
shutterstock_com_png.rf.b3186d2060685dcb93c53d93d4772f3c.jpg, 1, 1, 1, 0, 1, 0, 0, 1
mercadopago_com_png.rf.b3747c52d96941088359b4d9a36fa6b6.jpg, 1, 0, 1, 0, 1, 0, 0, 0
kickstarter_com_png.rf.b4569532f862d3cb68e502551a9cfd03.jpg, 1, 0, 1, 0, 1, 0, 1, 1
ncsl_org_png.rf.b4fad13f16632a2e0f2bc77d39bb4319.jpg, 1, 1, 1, 0, 1, 0, 1, 1
mirror_co_uk_png.rf.b5PIp8mh5PV5Cu2OqKcQ.jpg, 1, 0, 0, 1, 1, 0, 0, 1
freshbooks_com_png.rf.b5bf3c4d912ecd61dba7ac50f019a151.jpg, 1, 1, 1, 1, 1, 1, 1, 1
amazon_com_png.rf.b5e6a3538672ab905725d8a5ed9361da.jpg, 1, 1, 1, 1, 1, 0, 1, 1
nba_com_png.rf.b617be43a2fc70e4a3287823172f7520.jpg, 1, 0, 1, 0, 1, 0, 1, 1
msdn_microsoft_com_png.rf.b80f9d5b0e3a102dd485b9f5a1931a1c.jpg, 1, 0, 1, 0, 1, 0, 0, 1
instagram_com_png.rf.b8d8d2033890d51bcf413671fbd7f2e3.jpg, 1, 1, 1, 0, 1, 0, 1, 1
ebay_com_png.rf.b91014f80f536081f8fe866cb94f0174.jpg, 1, 1, 1, 0, 1, 0, 1, 1
alexa_com_png.rf.b9f7e923dc7d480373b563264ae20171.jpg, 1, 1, 1, 0, 1, 0, 1, 1
facebook_github_io_png.rf.b944949fdeb173a4502b4000bb401dce.jpg, 1, 0, 1, 0, 1, 0, 1, 1
stocktwits_com_png.rf.bCnUu2h3oQVeTxhFDrz1.jpg, 0, 0, 1, 0, 1, 0, 1, 1
reverbnation_com_png.rf.bGWMcrZQDcnIIKqnTfZY.jpg, 1, 1, 1, 0, 1, 0, 1, 1
m-78_jp_png.rf.bX1kBw2vCctvLuBJ1Wk8.jpg, 1, 1, 1, 0, 1, 0, 0, 1
stltoday_com_png.rf.bYhY6oeI9J7BoOHuCfse.jpg, 1, 0, 1, 1, 1, 0, 1, 1
paypal_com_png.rf.ba26660176d32c3ecf51f92c6e2beb14.jpg, 1, 0, 1, 0, 1, 0, 1, 0
webmd_com_png.rf.ba439bbe1fae75c863e7d6d455550202.jpg, 0, 0, 1, 0, 1, 0, 1, 1
arxiv_org_png.rf.bb8a3c27800e40cfebdce63106afbcc7.jpg, 1, 1, 1, 0, 1, 0, 1, 1
target_com_png.rf.bb91cde1770d5a50a859ca84a4c843d9.jpg, 1, 1, 1, 0, 1, 0, 0, 1
history_com_png.rf.bbb86c3e2c83509d620c267f3ee1bbd6.jpg, 1, 0, 1, 0, 0, 0, 0, 1
mandrillapp_com_png.rf.bbcb84ebe3f34512b400c03f9c928c6e.jpg, 1, 0, 1, 0, 0, 0, 1, 1
reverbnation_com_png.rf.bc6cc9cba8a3a99290c5058a13f0f560.jpg, 1, 1, 1, 0, 1, 0, 1, 1
scientificamerican_com_png.rf.bd4aec02222e8b83412e065cbd01f27b.jpg, 1, 0, 1, 1, 1, 0, 1, 1
vine_co_png.rf.bdc148f49a0746a4b591856bffbb0e3d.jpg, 0, 0, 0, 0, 1, 0, 1, 1
de_linkedin_com_png.rf.bdf0003cd00968c402cc7b5a54880703.jpg, 1, 1, 1, 0, 1, 1, 1, 1
crunchyroll_com_png.rf.bdf614c626e371b6c17e66c4fdaf9f96.jpg, 1, 1, 1, 1, 1, 0, 1, 1
android_com_png.rf.be9d56dc5bd0898eee0f3535302ff920.jpg, 1, 0, 1, 0, 1, 0, 1, 1
mixcloud_com_png.rf.bee5640601b8351f04bfbc8474972bb6.jpg, 1, 1, 1, 0, 1, 0, 1, 1
aljazeera_net_png.rf.beee2ae2ea745999ac6f1a7cfc3ef302.jpg, 1, 0, 0, 0, 1, 0, 1, 1
ndtv_com_png.rf.bfa6fe31ff29d9d28d225342efa4f62f.jpg, 1, 0, 1, 1, 1, 0, 0, 1
podbean_com_png.rf.bfb91aac6c5ddc92714ac1decc70f3b6.jpg, 1, 1, 1, 0, 1, 0, 1, 1
gyazo_com_png.rf.bgl0XKhs1TAkKfGicqKL.jpg, 1, 0, 1, 0, 1, 0, 1, 1
aljazeera_net_png.rf.biFL6iWLRS02gh98ZmR9.jpg, 1, 0, 0, 0, 1, 0, 1, 1
workingdog_com_png.rf.bnCGg534ygJVlw9uS6Ck.jpg, 1, 0, 0, 1, 1, 0, 1, 0
abc_net_au_png.rf.bnocp95q6askN9bjX32d.jpg, 1, 0, 1, 1, 1, 0, 1, 1
newscientist_com_png.rf.c00d36b8b51b20ec6c60c91ef00f68db.jpg, 1, 0, 1, 1, 1, 0, 1, 1
developers_facebook_com_png.rf.c0fa89efb9aa8a4a4dffb36d659cdbff.jpg, 1, 0, 1, 0, 1, 0, 1, 1
nbcsports_com_png.rf.c19a7e7cd3e701a217c84294109b28c0.jpg, 1, 1, 1, 0, 1, 1, 0, 1
airbnb_co_uk_png.rf.c19abcfe488df2f6888852f5aa240ac3.jpg, 1, 1, 1, 0, 1, 0, 1, 1
validator_w3_org_png.rf.c29892ff39f50dded3cacd4dec3fa090.jpg, 1, 1, 1, 0, 1, 1, 1, 1
newscientist_com_png.rf.c2PbeUXaT9E3juI9GQSH.jpg, 1, 0, 1, 1, 1, 0, 1, 1
redhat_com_png.rf.c2YoB28Ti5H1P79g2mvx.jpg, 1, 0, 1, 0, 1, 0, 1, 1
cbsnews_com_png.rf.c3265d67f6cfa00dd2b2d37b0bcf24d8.jpg, 1, 0, 1, 1, 1, 0, 0, 1
slides_com_png.rf.c39653df3fd4985334dbec1ed5b95b20.jpg, 1, 0, 1, 0, 1, 0, 0, 1
latimes_com_png.rf.c360e8769aa80a1c9f43e5f532f6e46a.jpg, 1, 0, 0, 1, 1, 0, 1, 1
irs_gov_png.rf.c436ff563c11c6f3c7852b1d15aa4ada.jpg, 1, 1, 1, 0, 1, 0, 1, 1
prnewswire_com_png.rf.c438a680a090a9a2bae872c5e73ea0d4.jpg, 1, 0, 1, 0, 1, 0, 1, 1
techradar_com_png.rf.c57ae9f2a459d19f6e8b06aa9a4a0eaf.jpg, 1, 0, 1, 1, 1, 0, 1, 1
theta360_com_png.rf.c590d1b95968316e9ef67f6a696fca1b.jpg, 1, 0, 1, 0, 1, 0, 0, 0
vmware_com_png.rf.c5bdcce97e452a84a00fb287c5880dab.jpg, 1, 0, 1, 0, 1, 0, 1, 1
metro_co_uk_png.rf.c5d2a6d9c039a1df57617065f55a7c85.jpg, 1, 0, 1, 0, 1, 0, 0, 1
cell_com_png.rf.c5e6e7ddaa691070a2ca652d3879f232.jpg, 1, 0, 1, 1, 1, 0, 1, 1
googleblog_blogspot_com_png.rf.c6014dfb3d55f09c515d3f3e17061d9e.jpg, 1, 0, 1, 0, 1, 0, 1, 1
eventim_de_png.rf.c67d7559f2a8cf9f7e5d5e45c1d22a22.jpg, 1, 1, 0, 1, 1, 0, 1, 1
tripadvisor_com_png.rf.c7353b7c9364988bd69f16a37e1f0b9c.jpg, 1, 1, 1, 0, 1, 0, 0, 1
esri_com_png.rf.c7795e9b77bd2f732a64a009f64a48c9.jpg, 1, 0, 1, 0, 1, 0, 0, 1
nokia_com_png.rf.c7b04b85ed8504af108671fa7d2ab042.jpg, 1, 0, 1, 0, 1, 0, 1, 1
jsfiddle_net_png.rf.c7f00817564a1b5c01463f60589fa84b.jpg, 1, 1, 1, 1, 1, 0, 1, 1
thrillist_com_png.rf.c879074fa368269a2665c031e3c5be36.jpg, 1, 0, 1, 1, 1, 0, 0, 1
coindesk_com_png.rf.c859c7a8302cea350a02a35b5e66e57c.jpg, 1, 0, 1, 0, 1, 0, 1, 1
spectrum_ieee_org_png.rf.c826e767a26717017293a5f559a74106.jpg, 1, 0, 0, 1, 0, 0, 1, 1
nationalgeographic_com_png.rf.c8e6c4fea11e786b987be9d8de59a5e9.jpg, 1, 0, 1, 0, 1, 0, 0, 1
theknot_com_png.rf.c906b27acb280fab14dedab20969b6ed.jpg, 1, 0, 1, 0, 1, 0, 1, 1
dictionary_cambridge_org_png.rf.c9338f0cf1edc06444fcdbeeab4d0dfd.jpg, 1, 1, 1, 0, 1, 0, 1, 1
diigo_com_png.rf.c92a83d00712e1bb3c089a6147f179be.jpg, 1, 0, 0, 0, 1, 0, 1, 1
mp_weixin_qq_com_png.rf.c96160f30b0bbd5a3e3ab9e04d8170d2.jpg, 1, 0, 1, 0, 1, 0, 0, 1
themegrill_com_png.rf.c97a89e590da6aebdbc0dec931c94652.jpg, 1, 0, 1, 0, 1, 0, 1, 1
techspot_com_png.rf.c987bd3a788750306ad473b687942f67.jpg, 1, 0, 1, 1, 0, 0, 0, 1
travelandleisure_com_png.rf.cAIlXEhIkRQZZVNG1iLP.jpg, 1, 0, 1, 1, 1, 0, 1, 1
thenextweb_com_png.rf.cCuRzm3pHCbbzv0Iw7B5.jpg, 1, 0, 1, 1, 1, 0, 1, 1
gopro_com_png.rf.cD4G8OgNgPSJR8XU5xB6.jpg, 1, 0, 1, 0, 1, 0, 1, 1
ibb_co_png.rf.cYUy4ZWOXEN9XTGXdg4i.jpg, 1, 0, 1, 1, 1, 0, 0, 1
html5rocks_com_png.rf.ca0ca0eba0bbad98412c15218ab7f12a.jpg, 1, 0, 1, 0, 1, 0, 1, 1
j_mp_png.rf.cF5zq9iLMfboLipIsBsj.jpg, 1, 1, 1, 0, 1, 0, 1, 1
ncbi_nlm_nih_gov_png.rf.ca1355adfe2fdf7a4f23ed21be213f62.jpg, 1, 1, 1, 1, 1, 0, 1, 1
broadwayworld_com_png.rf.ca74a4c71fa03c1120915ea4ba75e554.jpg, 1, 1, 1, 1, 1, 0, 1, 1
finance_yahoo_com_png.rf.ca8ae5dfd03b66734f2172a6b0a31f8b.jpg, 1, 1, 1, 0, 1, 0, 1, 1
hackaday_com_png.rf.caea0e279d76eb003f6a57338d83d66b.jpg, 1, 0, 1, 1, 1, 1, 1, 1
vonage_com_png.rf.cb045f5df6b2209d10e48eaac63d1d60.jpg, 1, 0, 1, 0, 1, 0, 0, 1
s0_wp_com_png.rf.cb519338a979dce3b57cb59ef4f69e15.jpg, 1, 0, 1, 0, 1, 0, 0, 1
livescience_com_png.rf.cbefc5acecc572cee53abaabc90f6b6a.jpg, 1, 0, 1, 1, 1, 0, 1, 1
behance_net_png.rf.cc0533314bf2c41c4504e63f4516ce36.jpg, 1, 0, 1, 0, 1, 0, 1, 1
squareup_com_png.rf.cc15a2a2b223e26db4d681e76d635152.jpg, 1, 0, 1, 0, 1, 0, 0, 1
anchor_fm_png.rf.cc237cc277fe89f910b95dfcc0886dce.jpg, 1, 0, 1, 0, 1, 0, 1, 1
adweek_com_png.rf.ccb0b6dfa9a7aa9a79169449fd7d989a.jpg, 1, 0, 1, 1, 1, 0, 0, 0
chron_com_png.rf.cccce50b922501ebaaac920d6c701d70.jpg, 1, 1, 1, 1, 1, 0, 1, 1
fooplugins_com_png.rf.cd1eed3164e4bdb13c01de24ce9a0539.jpg, 1, 0, 1, 0, 1, 0, 0, 1
join_slack_com_png.rf.cd3e0fddeba625911cbc8c06c30b7586.jpg, 1, 0, 1, 0, 1, 0, 0, 1
nature_com_png.rf.cdc3fb8ad927bec45333f6f599aba11d.jpg, 1, 0, 1, 1, 1, 0, 1, 1
iso_org_png.rf.cdf563fbf00b222df9f6fb03c2ddb5e1.jpg, 1, 0, 1, 0, 1, 0, 0, 1
priceline_com_png.rf.cdz8eMD5h8D6oxswhrul.jpg, 0, 0, 1, 1, 1, 0, 0, 1
giphy_com_png.rf.ce124697a430fa00aad985241a7dd388.jpg, 1, 1, 1, 0, 1, 0, 1, 1
epa_gov_png.rf.ce5ceac33ed5285ae9ed7a8ab1fc685f.jpg, 1, 1, 1, 0, 1, 0, 1, 1
theverge_com_png.rf.ce7ec0311d904420f384978c08521271.jpg, 1, 0, 1, 1, 1, 0, 1, 1
etherscan_io_png.rf.ce81ede3e2ce0c31d16dd4eae35774f2.jpg, 1, 1, 1, 1, 1, 0, 1, 1
journals_plos_org_png.rf.cfaea3833bab2213cf5c1af006a22e5d.jpg, 1, 0, 1, 0, 1, 0, 1, 1
dailymotion_com_png.rf.cfb1ab8a0cfe51255ce393bf423851c7.jpg, 1, 0, 1, 0, 1, 0, 1, 1
popularmechanics_com_png.rf.cfc7c126256e2efd3b49d2fd7e7ac460.jpg, 1, 0, 1, 1, 1, 0, 0, 1
gofundme_com_png.rf.cfdf132ae247188180a0733d7d3bdff1.jpg, 1, 0, 1, 0, 1, 0, 1, 1
schema_org_png.rf.ci5HnMajUlh6iI84emL8.jpg, 1, 1, 1, 0, 1, 0, 0, 1
join_slack_com_png.rf.ckDjdXsTd3m86mlx275s.jpg, 1, 0, 1, 0, 1, 0, 0, 1
news_yahoo_com_png.rf.cpTzosgaaMut9BwhZ6qH.jpg, 1, 1, 1, 0, 1, 0, 1, 1
statista_com_png.rf.ctEkKxqqApvwrEwZ6DVu.jpg, 1, 1, 1, 0, 1, 0, 1, 1
tripadvisor_com_png.rf.cyUSNBPJQ0H5eZtMs70a.jpg, 1, 1, 1, 0, 1, 0, 0, 1
creativemarket_com_png.rf.d026e0d089362415b9b91b39585bf2b6.jpg, 1, 1, 1, 0, 1, 0, 1, 1
secure_gravatar_com_png.rf.d08fcff20b33ea8cc058bc407805bbdc.jpg, 1, 1, 1, 0, 1, 0, 1, 1
sitepoint_com_png.rf.d0d81963ecd4631de8acb3dfc5e56fe4.jpg, 1, 1, 1, 1, 1, 0, 0, 1
weforum_org_png.rf.d160e88e3c3ad05b41497191fe536db2.jpg, 1, 0, 1, 0, 1, 0, 1, 1
youtube_com_png.rf.d1864d24cf2a8a9a4dea327dfe54d50a.jpg, 1, 1, 1, 0, 1, 0, 1, 1
variety_com_png.rf.d19fedf9be96485d259e9449bb147e2f.jpg, 1, 0, 1, 1, 1, 0, 1, 1
nvu_com_png.rf.d1dca131821386eae229bece74d74763.jpg, 0, 0, 0, 1, 1, 0, 1, 1
webdesign_about_com_png.rf.d1e5e90b789b050e4dac74d1f0e3b26e.jpg, 1, 0, 1, 0, 1, 0, 1, 1
gulfnews_com_png.rf.d1f4d43e73aff416ff949f0280117327.jpg, 1, 0, 1, 1, 1, 0, 1, 1
thedailybeast_com_png.rf.d1fYX7ILsMg6XqtmpWDn.jpg, 1, 0, 1, 1, 1, 0, 0, 1
analytics_twitter_com_png.rf.d2yno4VTsjSEQetyN6uW.jpg, 1, 0, 1, 0, 1, 0, 0, 1
aparat_com_png.rf.d330c60299cbe82d5acd051b5beb18ce.jpg, 1, 1, 1, 0, 1, 0, 0, 1
g_co_png.rf.d3c1ded6bdc97a6ac0f4daa4205b5744.jpg, 0, 0, 1, 0, 0, 0, 1, 1
podcasts_google_com_png.rf.d3c375d26b4406f442b6af730feb20e7.jpg, 1, 1, 0, 0, 1, 0, 0, 1
sfgate_com_png.rf.d44d8b30768de043d5ecd07db6ec86ec.jpg, 1, 1, 1, 1, 1, 0, 1, 1
digg_com_png.rf.d48faed749cca8e5f523132fccd8e744.jpg, 1, 0, 1, 0, 1, 0, 0, 1
gimp_org_png.rf.d49b877fb515c1a9f6139b4e0f407e70.jpg, 1, 0, 1, 0, 1, 0, 1, 1
icrc_org_png.rf.d4daac67f2bfd1c0b0bf5aef8508e537.jpg, 1, 0, 1, 0, 1, 0, 1, 1
tvtropes_org_png.rf.d57axQjye71GdrMDQpY0.jpg, 1, 1, 1, 0, 1, 0, 1, 1
officedepot_com_png.rf.d64b7e612466116fa29a5e2b8c1b02c7.jpg, 1, 1, 0, 0, 1, 0, 1, 1
cc_com_png.rf.d674e418cd79d118b6e567ff13f54416.jpg, 1, 0, 1, 0, 1, 0, 1, 1
adssettings_google_com_png.rf.d68f0cde9cafa480ca44e86592d3fa3c.jpg, 1, 0, 0, 0, 1, 0, 1, 1
today_com_png.rf.d70ddbf09f7288d8f4dee04d5f1b6634.jpg, 1, 0, 1, 0, 1, 0, 1, 1
sciencedirect_com_png.rf.d7368b29a52f55e2e103ced5510c54c6.jpg, 1, 1, 1, 1, 1, 0, 0, 1
launchpad_net_png.rf.d852e085fca9388400277d23a5abe152.jpg, 1, 1, 1, 0, 1, 0, 1, 1
hbr_org_png.rf.d86fc73c838e69a15e9c624a5666fb2d.jpg, 1, 0, 1, 1, 1, 0, 1, 1
blog_hubspot_com_png.rf.d8b0925df378d49dee6f557bdf4cdce1.jpg, 1, 1, 1, 0, 1, 0, 1, 1
policies_google_com_png.rf.d8c1786789666d27bb17bb1619cac133.jpg, 0, 0, 1, 0, 1, 0, 1, 1
en_blog_wordpress_com_png.rf.d8d2bb36d135d4e4835423ae5699996d.jpg, 1, 1, 1, 0, 1, 0, 1, 1
developer_android_com_png.rf.d8e66daf35b4f4ef6e648a86d6042307.jpg, 1, 1, 1, 0, 1, 0, 1, 1
snopes_com_png.rf.d8x1cquY0EdVbEDcMrac.jpg, 1, 1, 1, 0, 1, 0, 1, 1
digg_com_png.rf.dA1KW66QyiEwTQTBkBo5.jpg, 1, 0, 1, 0, 1, 0, 0, 1
bangordailynews_com_png.rf.dEhQaXlIpImyECm2ZzN8.jpg, 1, 0, 1, 1, 1, 0, 1, 1
nfl_com_png.rf.d947dfc7f6c329083aa861bfb4ec750d.jpg, 1, 0, 1, 1, 1, 0, 1, 1
messenger_com_png.rf.dEm6qHQM2E0WO9qx3RMu.jpg, 1, 1, 1, 0, 1, 1, 1, 1
realtor_com_png.rf.dLEuFikwIWtR8SgN9C58.jpg, 1, 1, 1, 1, 1, 0, 1, 1
doodle_com_png.rf.dMaHz4ndZ9R7WGGAtNsX.jpg, 1, 0, 1, 0, 1, 0, 0, 1
prtimes_jp_png.rf.dMmIesPQAUUj0iBXFWWo.jpg, 1, 1, 1, 0, 1, 0, 1, 1
box_com_png.rf.dQbNSHhFY5bQk9X5BMRx.jpg, 1, 1, 1, 0, 1, 0, 1, 1
prweb_com_png.rf.dTxvQhTul4GF6NJWsv0D.jpg, 1, 1, 1, 1, 1, 0, 1, 1
coindesk_com_png.rf.dY9KYpO8qv0TwK914iy5.jpg, 1, 0, 1, 0, 1, 0, 1, 1
articles_latimes_com_png.rf.da78f6ff911d2748e8da1acb18944a67.jpg, 1, 0, 0, 1, 1, 0, 1, 1
fr_linkedin_com_png.rf.da8c16bc252da586ebdaf948f6fc3280.jpg, 1, 1, 1, 0, 1, 1, 0, 1
squarespace_com_png.rf.dac8795bff7e1f6f62f893c0a003dd37.jpg, 1, 0, 1, 0, 1, 0, 1, 1
fedoraproject_org_png.rf.dbfbc50c209212997436fcdc0f28547c.jpg, 1, 0, 1, 0, 1, 0, 1, 1
avg_com_png.rf.dc6a3e6b503b5d7f18ef64b4c5d87983.jpg, 1, 0, 1, 0, 1, 0, 1, 1
ccpgames_com_png.rf.dcRcuc0jt6ulxzk2Puik.jpg, 1, 0, 1, 0, 1, 0, 1, 1
officedepot_com_png.rf.dcXl2y7jaYWs7oSUbDPH.jpg, 1, 1, 0, 0, 1, 0, 1, 1
cosmopolitan_com_png.rf.dcc08638fb0d8a0d2b3f9a662814f12e.jpg, 1, 0, 1, 1, 1, 0, 0, 1
thedailybeast_com_png.rf.dcf6e2973c106ac3b0b6320a94bf8ccd.jpg, 1, 0, 1, 1, 1, 0, 0, 1
spark_adobe_com_png.rf.dd469e97e35db550784ccfd70a75642d.jpg, 1, 0, 1, 0, 1, 0, 1, 1
chat_whatsapp_com_png.rf.dd54dba84eff911601d3927c91ba0935.jpg, 1, 0, 1, 0, 1, 0, 1, 1
sans_org_png.rf.dd5024d4275ae3deba3e555265a2882b.jpg, 1, 1, 1, 0, 1, 0, 1, 0
aweber_com_png.rf.de467dd7129b0cf093b165f2e2c150a2.jpg, 1, 0, 1, 1, 1, 0, 0, 0
metro_co_uk_png.rf.djf6NkAYmgMUTKfxW7xp.jpg, 1, 0, 1, 0, 1, 0, 0, 1
aviasales_ru_png.rf.de2ea194534d4b154805ddfe474e3008.jpg, 1, 1, 1, 0, 1, 1, 0, 1
gq_com_png.rf.de5b9b8f5e7569f84badb12674ce1f4b.jpg, 1, 1, 1, 1, 1, 0, 1, 1
sxsw_com_png.rf.e2e29973012bb2b0fde4e094e2c8ae9c.jpg, 1, 0, 1, 0, 1, 0, 1, 1
torproject_org_png.rf.dffb9f437906f4afb88269d3e57d49bc.jpg, 1, 0, 1, 0, 1, 0, 0, 1
feeds_feedburner_com_png.rf.e1f21f5843feefe25ea8c14281d4bebb.jpg, 0, 0, 1, 0, 1, 0, 0, 1
bitmex_com_png.rf.dda5aea6b0fecb710fa602201cd42e9e.jpg, 1, 0, 1, 1, 1, 0, 1, 1
inkscape_org_png.rf.e082cb144b1e0e3bea66dabfe3da0bf2.jpg, 1, 1, 1, 0, 1, 0, 1, 1
central_wordcamp_org_png.rf.dtn4gomYyDTsMk2Nq1px.jpg, 1, 1, 1, 0, 1, 0, 1, 1
bl_uk_png.rf.e2e18de182af83ec59514d31668541c4.jpg, 1, 1, 1, 0, 1, 1, 0, 1
apache_org_png.rf.e268762cb7a95e83b4f3b04d46a62b03.jpg, 1, 0, 1, 1, 1, 0, 1, 1
hotmail_com_png.rf.duIMoMdT2k9P9ynNvPZY.jpg, 1, 0, 1, 0, 0, 0, 0, 1
michigan_gov_png.rf.e01012e791ea2744eb9818563dc307c2.jpg, 1, 1, 1, 0, 1, 1, 1, 1
sendspace_com_png.rf.e3a9e2425fa758bfbd31612afd57b606.jpg, 1, 0, 0, 0, 1, 0, 1, 1
ncbi_nlm_nih_gov_png.rf.e3bh1oTENMTcounrIk81.jpg, 1, 1, 1, 1, 1, 0, 1, 1
bing_com_png.rf.e3f668104402778e2cb846a123466840.jpg, 1, 1, 1, 0, 1, 0, 1, 1
visualstudio_com_png.rf.e45c89cf8d1aeb162d151f6dfc37c4de.jpg, 1, 0, 1, 0, 1, 0, 0, 1
theringer_com_png.rf.e4afddca2abbbfd4022890fd6215f749.jpg, 1, 0, 1, 0, 1, 0, 0, 1
redhat_com_png.rf.e4f9f32ca78979db92e6f82e0d7a635b.jpg, 1, 0, 1, 0, 1, 0, 1, 1
people_com_png.rf.e53e8178e86933cc0608d844f70eb849.jpg, 1, 0, 1, 1, 1, 0, 1, 1
cafe_daum_net_png.rf.e58rdb7m4C51r7dK5A2y.jpg, 1, 0, 1, 0, 1, 0, 1, 1
nj_com_png.rf.e5db42bdc2436f2f878247d64868cba7.jpg, 1, 0, 0, 0, 1, 0, 1, 1
notepad-plus-plus_org_png.rf.e5e40bc1d6ef1e2e8d6e7d7545d91ec8.jpg, 1, 0, 1, 0, 1, 0, 1, 1
odoo_com_png.rf.e34976c28f6f20e8eac3c3c0a35c7636.jpg, 1, 0, 1, 0, 1, 0, 1, 1
lulu_com_png.rf.e664399b82d42e693011fdeacffafdd7.jpg, 1, 0, 1, 0, 1, 0, 0, 1
gsuite_google_com_png.rf.e6893f58d7637f9698378fdde5c4fd02.jpg, 1, 0, 1, 0, 1, 0, 1, 1
analytics_twitter_com_png.rf.e6ba2ad6e5c764673e658c189d439713.jpg, 1, 0, 1, 0, 1, 0, 0, 1
opengroup_org_png.rf.e7b7a8bacea41de5851684faafe40e2b.jpg, 1, 1, 1, 0, 1, 0, 0, 1
punchng_com_png.rf.e8RDxOZ8ouQ9byzQmF2Q.jpg, 1, 0, 1, 1, 1, 0, 0, 1
mitpress_mit_edu_png.rf.e8a9d84ffbfeea2a5c5ad8ff58f0590f.jpg, 1, 0, 1, 0, 1, 0, 0, 1
gov_uk_png.rf.e8aefeff38e5361871ce8d5abdd75fc7.jpg, 1, 1, 1, 0, 1, 1, 1, 1
nationalarchives_gov_uk_png.rf.e8bcd3c34894a190718490af869fbd88.jpg, 1, 1, 1, 0, 1, 0, 1, 1
ucweb_com_png.rf.e8bdd540ea644ac5d3434e049f2cc426.jpg, 1, 0, 1, 0, 1, 0, 1, 1
unity3d_com_png.rf.e92b794e9e5dbd4f3b2f1db98b7bb905.jpg, 1, 0, 1, 0, 1, 0, 1, 1
myspace_com_png.rf.e930c9eabdf770f9587e7589e26c6011.jpg, 1, 1, 1, 0, 1, 0, 1, 1
ai_google_png.rf.e9fcb38702e941d8ec35aa546e506d20.jpg, 1, 0, 0, 0, 1, 0, 0, 1
mandrillapp_com_png.rf.eCCGyIGGsHKCWTwFtmid.jpg, 1, 0, 1, 0, 0, 0, 1, 1
source_android_com_png.rf.eCvLynXxHM6bPcGAFHHS.jpg, 1, 1, 1, 0, 1, 0, 1, 1
spotlight_com_png.rf.eGifUzH0T0xYWoj8o9kV.jpg, 1, 1, 1, 0, 1, 0, 1, 1
hdl_handle_net_png.rf.eJGcbDNzloUMqpZvra6C.jpg, 0, 1, 1, 0, 1, 0, 1, 1
microformats_org_png.rf.eN5KszygNi2ZgzNeaHAl.jpg, 1, 0, 1, 0, 1, 0, 1, 1
launchpad_net_png.rf.eVUeREbreRa6SLv9huxu.jpg, 1, 1, 1, 0, 1, 0, 1, 1
doctorswithoutborders_org_png.rf.eZ19Qy1s2IlW5bIlinZX.jpg, 1, 0, 1, 1, 1, 0, 0, 1
ohchr_org_png.rf.ea1bbcceefb2212380286819c4bc0f69.jpg, 1, 1, 0, 1, 1, 0, 1, 1
tools_ietf_org_png.rf.ea47c0bf5fb57880b7cc4b57230c0874.jpg, 0, 1, 1, 0, 1, 0, 1, 1
eplus_jp_png.rf.ea64585ac7dd115d076c931640d91b3b.jpg, 1, 1, 1, 0, 0, 0, 1, 1
kraken_com_png.rf.eba0673d61f6b6b2d5ef2240db29ec56.jpg, 1, 0, 1, 1, 1, 0, 0, 1
use_typekit_net_png.rf.eba8eaed026567ab3e4ff439678f2358.jpg, 1, 1, 1, 0, 1, 0, 1, 1
stackoverflow_com_png.rf.ec2f2d1b16cb7c512e40c69148808374.jpg, 1, 1, 1, 0, 1, 0, 1, 1
www2_deloitte_com_png.rf.ec4a777103ceaf2a35a6c4cc1c45c8ed.jpg, 1, 0, 1, 0, 1, 0, 1, 1
autodesk_com_png.rf.ec6b31b4736eac9b034e2cc57bd00fe9.jpg, 1, 0, 1, 1, 1, 0, 0, 1
dailyfx_com_png.rf.ed06d093e9be3381c47f24e0553f4fc4.jpg, 1, 1, 0, 0, 1, 0, 1, 1
pixlr_com_png.rf.ed14472567368e3968a7d1f72d2c9d85.jpg, 1, 0, 1, 0, 1, 0, 0, 1
netflix_com_png.rf.ed1585eff8e959e8124cc16a6bca03ca.jpg, 1, 1, 1, 0, 1, 1, 0, 1
developer_chrome_com_png.rf.ed6f714143c4c242d1dd57eb46b20f7a.jpg, 1, 0, 1, 1, 1, 0, 1, 1
skype_com_png.rf.ed863d8f52edc1fb6c0769e9d8f20825.jpg, 1, 0, 1, 0, 1, 0, 1, 1
theculturetrip_com_png.rf.ed8e7903b2bf80058c6b0c7305dca0d4.jpg, 1, 1, 1, 0, 1, 0, 1, 1
ru_wikipedia_org_png.rf.edd74bcf0293c967479c63d9fc49de5d.jpg, 1, 1, 1, 0, 1, 0, 1, 1
springer_com_png.rf.ee54a53a592bf2821418a121728276a4.jpg, 1, 1, 1, 0, 1, 0, 1, 1
a_co_png.rf.ee1872c1b2d3f0f503c751ceed58cac6.jpg, 1, 1, 1, 1, 1, 0, 1, 1
pl_linkedin_com_png.rf.ef2452c45154e2b7f94b6576c5903366.jpg, 1, 1, 1, 0, 1, 1, 0, 1
w3_org_png.rf.ef4d3fe3ef520dbb17790f078fc7c39c.jpg, 1, 1, 1, 0, 1, 0, 1, 1
unesco_org_png.rf.efa9f5062fc5c0241c6d4f673fcc8e46.jpg, 1, 1, 1, 0, 1, 0, 1, 1
cdbaby_com_png.rf.efd6fcbcfac0c65a3f774901f51d2be0.jpg, 1, 0, 1, 0, 1, 0, 1, 1
alexa_com_png.rf.efqveiBeuDWrdPFDwaOC.jpg, 1, 1, 1, 0, 1, 0, 1, 1
samhsa_gov_png.rf.ej5dJk3goU82KjJIkEJf.jpg, 1, 1, 1, 0, 1, 0, 0, 1
aljazeera_com_png.rf.epRqQQVzfNV6zgOkpKLt.jpg, 1, 0, 1, 0, 1, 0, 1, 1
business_facebook_com_png.rf.eqfYkD55CqdzsTpRNm15.jpg, 1, 0, 0, 0, 1, 0, 0, 1
eplus_jp_png.rf.erRid0SYFOh2821OzPec.jpg, 1, 1, 1, 0, 0, 0, 1, 1
bezspravki_mosgorcredit_ru_png.rf.exsiSzcKUPNKJf9tCfnZ.jpg, 1, 1, 0, 0, 1, 0, 1, 1
buzzfeed_com_png.rf.ezLky8MAScVkDOPc0JrB.jpg, 1, 0, 1, 0, 1, 0, 1, 1
discord_gg_png.rf.f03d5df60becf9b923ec1fc14ea8df92.jpg, 1, 0, 1, 0, 1, 0, 0, 1
funnyordie_com_png.rf.f0b405f3bb3861627db7abbb0d11bb54.jpg, 1, 0, 1, 1, 1, 0, 1, 1
obsproject_com_png.rf.f11140e72e96434d48cad2fcc21f9dec.jpg, 1, 0, 1, 0, 1, 0, 1, 1
amazon_de_png.rf.f135360c5a51a25a0e565500d945c68c.jpg, 1, 1, 1, 1, 1, 0, 1, 1
apa_org_png.rf.f2167766ef2bd0e2e0f3f3315e08f726.jpg, 0, 1, 1, 0, 1, 1, 1, 1
psychologytoday_com_png.rf.f2MpxU9FYRN5PktQ9xnq.jpg, 1, 1, 1, 0, 1, 0, 1, 1
latimesblogs_latimes_com_png.rf.f2a680651dbd47a3bf2dcc9ac0240b58.jpg, 1, 0, 1, 1, 1, 0, 1, 1
etymonline_com_png.rf.f33636b90c9b06fd30a9ea6ddf7f0d4a.jpg, 1, 1, 1, 0, 1, 0, 1, 1
m_do_co_png.rf.f35f1b201c5911d090e5166e44c5ba26.jpg, 1, 1, 1, 0, 1, 0, 1, 1
creativemarket_com_png.rf.f35tw7UMvGAc9siTaZ8f.jpg, 1, 1, 1, 0, 1, 0, 1, 1
cl_ly_png.rf.f3e9ad730c29f71bb162f3c1e91db8a0.jpg, 1, 1, 1, 1, 1, 0, 1, 1
msn_com_png.rf.f42ebe75bf0750b0d13ce51668dc1ef4.jpg, 1, 1, 1, 1, 1, 0, 1, 1
netzpolitik_org_png.rf.f47e4c94cbe203b42ff9036acc6f9d9a.jpg, 1, 1, 1, 0, 1, 0, 1, 1
fiverr_com_png.rf.f4c4d9e61cb46186f2f4e85e7f13a80d.jpg, 0, 0, 1, 1, 1, 0, 0, 1
hub_docker_com_png.rf.f4dae70e716d6355f6d85662194d7874.jpg, 1, 1, 0, 1, 1, 0, 1, 1
unicef_org_png.rf.f4iUW7k07lDxAWbYYT9J.jpg, 1, 0, 1, 0, 1, 1, 1, 1
onelink_to_png.rf.f528fe997c970a8528b05224ce2f4aad.jpg, 1, 1, 0, 0, 1, 0, 1, 1
espn_com_png.rf.f52d4efd0387a10933e0f58e0c3645b2.jpg, 1, 0, 1, 1, 1, 0, 1, 1
thingiverse_com_png.rf.f5ee528a78ff25851ab84020c313b0c0.jpg, 1, 1, 0, 1, 1, 0, 1, 1
discord_me_png.rf.f63871cf417627588fb64981f6667d9e.jpg, 1, 1, 1, 1, 1, 0, 1, 1
sellfy_com_png.rf.f65f107687418af991195df2fe7b3588.jpg, 1, 0, 1, 0, 1, 0, 0, 1
last_fm_png.rf.f65f5bf2f46d06ea4dc26673334745d6.jpg, 1, 0, 1, 0, 1, 0, 1, 1
central_wordcamp_org_png.rf.f69f3bd4557d44e4f13879d9d9309c45.jpg, 1, 1, 1, 0, 1, 0, 1, 1
nme_com_png.rf.f7378ff869b8161f77437b63801f411a.jpg, 1, 0, 1, 1, 1, 0, 0, 1
skfb_ly_png.rf.f7817945a75f4d6a9c163c980656137e.jpg, 1, 0, 1, 1, 1, 0, 1, 1
ow_ly_png.rf.f7a738e7f577a0c233d7de2d8b24cb66.jpg, 1, 0, 1, 0, 1, 0, 1, 1
feedburner_google_com_png.rf.f8d2268248559d42eb1e879d42c0df00.jpg, 1, 1, 1, 0, 1, 0, 1, 1
news_nationalgeographic_com_png.rf.f944a3eaded65a9a4f582d2d851310e2.jpg, 1, 0, 1, 0, 1, 0, 0, 1
r_gnavi_co_jp_png.rf.f9525ad58dda46e8a5631355a2c0302f.jpg, 1, 1, 1, 0, 1, 0, 1, 1
ezinearticles_com_png.rf.f997b6a7c47506a2952a1d82edd279ac.jpg, 1, 1, 1, 0, 1, 0, 1, 1
psychologytoday_com_png.rf.f99b1bb079f7991da5cb78c65f63b863.jpg, 1, 1, 1, 0, 1, 0, 1, 1
stellar_org_png.rf.f99d2d2a6106acffaebf40ddc76d1c07.jpg, 1, 0, 1, 0, 1, 0, 0, 1
glassdoor_com_png.rf.f9c12c307df0fc6677bc3f19d070ede8.jpg, 1, 1, 1, 1, 1, 0, 1, 1
sciencedaily_com_png.rf.f9de6b4fd4312cd0561f77b4bd0578d1.jpg, 1, 1, 1, 0, 1, 0, 1, 1
support_twitter_com_png.rf.fA7BZxKTuGCQkwGTjpIC.jpg, 1, 1, 1, 0, 1, 0, 1, 1
pixlr_com_png.rf.fAX85wIkZ5Pcb3hhBdrn.jpg, 1, 0, 1, 0, 1, 0, 0, 1
vogue_com_png.rf.fKonSwt64jWRdtYhfa4Q.jpg, 1, 0, 1, 1, 1, 0, 1, 1
nme_com_png.rf.fNcSfiKxOCTCWHFr1DHH.jpg, 1, 0, 1, 1, 1, 0, 0, 1
hpe_com_png.rf.fb03e7cd047104499aa3f051083857e1.jpg, 1, 0, 1, 0, 1, 0, 1, 1
support_mozilla_org_png.rf.fb84e9e2783b530eb264f10d707e5afa.jpg, 1, 1, 1, 0, 1, 0, 1, 1
missingkids_com_png.rf.fbad6e220f007288fa6810b073f41497.jpg, 1, 0, 0, 0, 1, 0, 1, 1
fool_com_png.rf.fc0776e7ea5bd9f0999e09ef1cb69d78.jpg, 1, 0, 1, 0, 1, 0, 0, 1
nanowrimo_org_png.rf.fc222bbc1814c3ab5e8c1e171ed20269.jpg, 1, 0, 1, 0, 1, 0, 1, 1
in_pinterest_com_png.rf.fc3fe1d0e54903ab1aa7199af137ba0c.jpg, 1, 0, 1, 0, 1, 0, 0, 1
studiopress_com_png.rf.fce19e80fe8892d538f7d383453555f5.jpg, 1, 0, 1, 0, 1, 0, 0, 1
capterra_com_png.rf.fca402256e33900a3bb20825fd009ab9.jpg, 1, 1, 1, 1, 1, 0, 0, 1
screenrant_com_png.rf.fd50858cc2253461938a1134ddec013c.jpg, 1, 0, 1, 0, 1, 0, 1, 1
opera_com_png.rf.fd664b789c8fc1fdee028c18b7fe8a91.jpg, 1, 0, 1, 0, 1, 1, 1, 1
health_harvard_edu_png.rf.fd9d0ccd98f1eadbda3a6ab4274aa0a9.jpg, 1, 1, 1, 0, 1, 0, 1, 1
ancestry_com_png.rf.fda1b449ba4c6c950c565061637c0da2.jpg, 1, 0, 1, 0, 1, 0, 1, 1
www-01_ibm_com_png.rf.fde422d339c9adf23cb6072d0cf644a0.jpg, 1, 1, 1, 0, 1, 0, 1, 1
en_wikipedia_org_png.rf.fe825dcd77650c5b28de9a4b5eedb378.jpg, 1, 1, 1, 0, 1, 0, 1, 1
speakerdeck_com_png.rf.fec7a3eea3048a293c46189a7ae3ae26.jpg, 1, 1, 1, 0, 1, 0, 1, 1
calendar_google_com_png.rf.fefc8be37665a3bc206b6563e3e7384e.jpg, 1, 1, 1, 0, 1, 0, 1, 1
translate_google_com_png.rf.ff55284fded55049a07e7a7955a247ff.jpg, 1, 0, 0, 0, 1, 0, 1, 1
t_ly_png.rf.ff991b05114fc2508b75eedc1c76be4c.jpg, 1, 1, 1, 0, 1, 0, 1, 1
aviasales_ru_png.rf.fgVPBFOq3jIfijTyLu8B.jpg, 1, 1, 1, 0, 1, 1, 0, 1
t_ly_png.rf.fnOdST1gpFhQLzz3pvha.jpg, 1, 1, 1, 0, 1, 0, 1, 1
target_com_png.rf.fuMdI6Cgcq5w1fa3VWfQ.jpg, 1, 1, 1, 0, 1, 0, 0, 1
wikiwand_com_png.rf.fyyWQ0C5zWGLmJoP04MV.jpg, 1, 0, 1, 0, 1, 0, 0, 1
ncsl_org_png.rf.fzMQERtPlCDbVpeClM3L.jpg, 1, 1, 1, 0, 1, 0, 1, 1
gla_ac_uk_png.rf.gNibR0sN8G6qeme9eJjp.jpg, 1, 1, 1, 0, 1, 0, 1, 1
freelancer_com_png.rf.gOfrLWfvoi2O4ixSJdDD.jpg, 1, 0, 1, 0, 1, 0, 1, 1
agoda_com_png.rf.gPABnhnbOvtSDMNLzz8g.jpg, 1, 1, 1, 0, 1, 0, 0, 1
gutenberg_org_png.rf.gT71oWQwF9N5AbdmnhHe.jpg, 1, 1, 1, 1, 1, 0, 1, 1
ubuntu_com_png.rf.gUZ0Al2t4qnqEzVJOXAe.jpg, 1, 1, 1, 0, 1, 0, 0, 1
eventbrite_com_png.rf.gUn7lZfLEN9z95qa3ALR.jpg, 1, 1, 1, 0, 1, 0, 1, 1
denverpost_com_png.rf.gWsTRF0MStOU4W7oCOkD.jpg, 1, 0, 1, 1, 1, 0, 1, 1
express_co_uk_png.rf.gY0AnNWsOwoHpBwq4RUl.jpg, 1, 0, 1, 1, 1, 0, 1, 1
amazon_co_uk_png.rf.gbn2WhRE0Y1oK93G7A0T.jpg, 1, 1, 1, 1, 1, 0, 1, 1
shopify_com_png.rf.gcbvKScsCj6Zdmny0KMH.jpg, 1, 1, 1, 0, 1, 0, 1, 1
discordapp_com_png.rf.gcqCL3pxX3Xh4aGgvPLr.jpg, 1, 0, 1, 0, 1, 0, 0, 1
surveymonkey_com_png.rf.ge82c2Yugw1f8uMRjFYg.jpg, 1, 0, 1, 1, 1, 0, 0, 1
money_yandex_ru_png.rf.geFR8Y0sdfNQG64KSTgo.jpg, 1, 0, 1, 0, 1, 0, 1, 1
amazon_in_png.rf.geuzEan0qF6n8WsqYzYl.jpg, 1, 1, 1, 0, 1, 0, 1, 1
geocaching_com_png.rf.gfpzn12Bjv6Xkn2Es8St.jpg, 1, 0, 1, 0, 1, 0, 1, 1
blender_org_png.rf.gh6WyWQFy1XsM1BlLxZd.jpg, 1, 0, 0, 0, 1, 0, 1, 1
amazon_com_au_png.rf.gwjToeuqeBmRVPgyKXsK.jpg, 1, 1, 1, 1, 1, 0, 1, 1
python_org_png.rf.h2bxgDllLNSEDzkKhQs3.jpg, 1, 1, 1, 0, 0, 0, 1, 1
yellowpages_com_png.rf.h2dOAdQhmZ4eSK0B0xXP.jpg, 1, 1, 1, 0, 1, 0, 0, 1
cnn_com_png.rf.h5a4NeyupWr0k7znHg5f.jpg, 1, 0, 1, 1, 1, 0, 0, 1
ravelry_com_png.rf.hAzJPdUJQ1S6HZzl36pX.jpg, 1, 1, 0, 0, 1, 1, 1, 1
simple_wikipedia_org_png.rf.hExGypFpDgmJchlerE9k.jpg, 1, 1, 1, 0, 1, 0, 1, 1
coinbase_com_png.rf.hSPrJiKelLskqsIOGrkx.jpg, 1, 1, 1, 0, 1, 1, 0, 1
fineartamerica_com_png.rf.hVtxzEHotgKggnXvpYS7.jpg, 1, 1, 1, 0, 1, 0, 1, 1
thefreedictionary_com_png.rf.henlOKYcbrgs6hugXzr6.jpg, 1, 1, 1, 1, 1, 1, 1, 1
fcc_gov_png.rf.hqmeB6j5jFWXlhg0K8fx.jpg, 1, 1, 1, 0, 1, 0, 1, 1
humblebundle_com_png.rf.huBQ7WJo9A3IDKSAzKSU.jpg, 1, 1, 1, 0, 1, 0, 1, 1
lifehacker_com_png.rf.hyfK6l8cvd7UZDsxwwdx.jpg, 1, 0, 1, 0, 1, 0, 1, 1
tor_com_png.rf.i2edjsTHly9hTRwxIofj.jpg, 1, 0, 1, 0, 1, 0, 1, 1
experian_com_png.rf.i32FJaUv01i9QNNFHFy6.jpg, 1, 0, 1, 0, 1, 0, 1, 1
devpost_com_png.rf.iEg3CrCxQxrwIiAf7W8P.jpg, 1, 0, 1, 0, 1, 0, 1, 1
elitedaily_com_png.rf.iMckemRYCxT7pj8LeWW2.jpg, 1, 0, 1, 0, 1, 0, 0, 1
nokia_com_png.rf.iOGplnhWC522wrp8qyTQ.jpg, 1, 0, 1, 0, 1, 0, 1, 1
vice_com_png.rf.iQMetWzla4tnMRos7WLQ.jpg, 1, 0, 0, 0, 1, 0, 1, 1
apsense_com_png.rf.iRSFPZ4ixvsceXrLwOKM.jpg, 1, 1, 1, 1, 1, 0, 1, 1
list_ly_png.rf.iXeE1Pi9rFTOHHms4ecJ.jpg, 1, 1, 1, 0, 1, 0, 1, 1
security_googleblog_com_png.rf.iiVMzeU2gbjGdL3wS86H.jpg, 1, 1, 1, 1, 1, 0, 1, 1
dictionary_com_png.rf.ijRh0JhD8XMbu5EyzM1j.jpg, 1, 1, 1, 1, 1, 0, 1, 1
cl_ly_png.rf.ioQWKX0A7vLkxHGyQe9a.jpg, 1, 1, 1, 1, 1, 0, 1, 1
airtable_com_png.rf.irEc0ejKm1LMH1BttvIy.jpg, 1, 1, 1, 0, 1, 0, 0, 1
lulu_com_png.rf.ivWOCYJF07Ow9zjxd6aD.jpg, 1, 0, 1, 0, 1, 0, 0, 1
webdesign_about_com_png.rf.j0Lu3RTDGHVNm70Mx88J.jpg, 1, 0, 1, 0, 1, 0, 1, 1
de-de_facebook_com_png.rf.j7H1VVzx04uoMm5FKnv1.jpg, 1, 1, 1, 0, 1, 1, 1, 1
bitbucket_org_png.rf.j2jAzzA1cWyqB3rafTaM.jpg, 1, 0, 1, 0, 1, 0, 1, 1
uk_linkedin_com_png.rf.j7zbpPlQ21lfqbJnmJtX.jpg, 1, 0, 1, 0, 1, 0, 0, 1
blogs_yahoo_co_jp_png.rf.j8FtEEq02HjT1pxQyMdi.jpg, 1, 0, 1, 0, 1, 0, 1, 1
gumroad_com_png.rf.j8OXndGjefJ7HEfWX87S.jpg, 1, 1, 1, 0, 1, 0, 1, 0
soundcloud_com_png.rf.jCxUK077s2jIbrimvT6P.jpg, 1, 1, 1, 0, 1, 0, 1, 1
tumblr_com_png.rf.jAhM7Y2KmY0LsOKIJMae.jpg, 1, 1, 1, 0, 1, 0, 1, 1
cnet_com_png.rf.jLy2mH7arSznxnsybCpr.jpg, 1, 0, 1, 1, 1, 0, 1, 1
commons_wikimedia_org_png.rf.jPhFsClCTRUnYu1vQ4zk.jpg, 1, 1, 1, 0, 1, 0, 1, 1
skfb_ly_png.rf.jRoXug0kWPwlrPXOiuvs.jpg, 1, 0, 1, 1, 1, 0, 1, 1
gov_uk_png.rf.jhdvkdLawjqh70D0nNF0.jpg, 1, 1, 1, 0, 1, 1, 1, 1
chrome_google_com_png.rf.jpKAZwnZBWunmJQb1vqW.jpg, 1, 0, 1, 0, 1, 0, 1, 1
mysql_com_png.rf.jt5pjKwCcYwK6Jz8GJTM.jpg, 1, 1, 1, 0, 1, 0, 1, 1
shopee_tw_png.rf.jw28ZiyBvhKSo3RVbWCN.jpg, 1, 1, 0, 0, 1, 0, 1, 1
wa_me_png.rf.jxeEA44Msrm5L66VSsgi.jpg, 1, 0, 1, 0, 1, 0, 1, 1
geekwire_com_png.rf.jz2CXGxwznREEQLzjI6O.jpg, 1, 1, 0, 1, 1, 0, 1, 1
ancestry_com_png.rf.k32Lb889tGfGCIlck7SZ.jpg, 1, 0, 1, 0, 1, 0, 1, 1
fr_wikipedia_org_png.rf.kCt13D81szIFSkerpxJ1.jpg, 1, 1, 1, 0, 1, 0, 1, 1
screenrant_com_png.rf.kFF4bJ20hu6yymVSM1vJ.jpg, 1, 0, 1, 0, 1, 0, 1, 1
urlzs_com_png.rf.kM2uxYsql1jQApTAVKSw.jpg, 1, 0, 0, 0, 1, 0, 0, 1
guardian_co_uk_png.rf.kEuH01SKDcVppRlzkJjP.jpg, 1, 0, 1, 1, 1, 0, 0, 1
chess_com_png.rf.kNE5hOBUqCCObo6r97Hz.jpg, 1, 0, 1, 0, 1, 0, 1, 1
socialmediaexaminer_com_png.rf.kSZMIoTefOlpNiduRGfX.jpg, 1, 1, 1, 0, 1, 0, 0, 1
engadget_com_png.rf.kWw4BCOFI9PH3bXCrnxw.jpg, 1, 0, 1, 1, 1, 0, 0, 1
monsterinsights_com_png.rf.kpCpnJLMUT2MoIdggRwq.jpg, 1, 0, 1, 0, 1, 0, 0, 1
rakuten_com_png.rf.kr0PwNA0rQPgeBz2WZSd.jpg, 1, 1, 0, 0, 1, 0, 1, 1
bandcamp_com_png.rf.krexMbAfwVNHuQpzwPNh.jpg, 1, 1, 1, 0, 1, 0, 1, 1
boeing_com_png.rf.kth9Q58WvRS3RIBaKTyO.jpg, 1, 1, 1, 0, 1, 0, 1, 1
blockchain_info_png.rf.lC5PdCpeYjXplT1ajp71.jpg, 1, 1, 0, 1, 1, 0, 0, 1
ucweb_com_png.rf.lJ6D5MPDBss2CReQ60G8.jpg, 1, 0, 1, 0, 1, 0, 1, 1
obsproject_com_png.rf.lKTHlJoxSgI0VEN0iPJg.jpg, 1, 0, 1, 0, 1, 0, 1, 1
l_facebook_com_png.rf.lJFZ6lrDsBnm1rhrCUGx.jpg, 1, 1, 1, 0, 1, 1, 1, 1
variety_com_png.rf.lQj25J2fyhnxLGKkTtgo.jpg, 1, 0, 1, 1, 1, 0, 1, 1
wiki_ubuntu_com_png.rf.lYkMyp321w7jn1mKjds9.jpg, 0, 1, 1, 0, 1, 0, 1, 1
freewebs_com_png.rf.lYxqj8TB9ZEieOezvG0J.jpg, 1, 1, 1, 0, 1, 0, 1, 1
citeseerx_ist_psu_edu_png.rf.livwS00oEuIQGagE7tvH.jpg, 1, 1, 1, 0, 1, 0, 1, 1
ey_com_png.rf.lhyCO2Cyc0o0hUsKERm6.jpg, 1, 1, 1, 0, 1, 0, 1, 1
rt_com_png.rf.ljgzxUaOdUeWNWoIPxlz.jpg, 1, 1, 1, 0, 1, 0, 1, 1
apache_org_png.rf.ljx3VCb2IZ9dzbXbrzZh.jpg, 1, 0, 1, 1, 1, 0, 1, 1
outlook_com_png.rf.lryfqLCPx9M7Ttv27PBg.jpg, 1, 0, 1, 0, 0, 0, 0, 1
mixi_jp_png.rf.lt21mQYZtrqqJ4dmdni5.jpg, 1, 1, 1, 1, 1, 1, 1, 1
tinyurl_com_png.rf.m4D8JoF8hYCpoTyFDXsE.jpg, 0, 1, 1, 1, 0, 0, 1, 1
bloglovin_com_png.rf.m4nq7oEg4yRMazoLGyeQ.jpg, 1, 1, 0, 0, 1, 0, 1, 1
nhs_uk_png.rf.m6qxlUz7X4QFSlu8AE3h.jpg, 1, 1, 1, 0, 1, 0, 1, 1
dictionary_reference_com_png.rf.m6GuKcmV2r07TdrcydQr.jpg, 1, 1, 1, 1, 1, 0, 1, 1
m_youtube_com_png.rf.mB113PQ4QnDXSuJeBx4n.jpg, 1, 1, 1, 0, 1, 0, 1, 1
whatismyip_com_png.rf.mDGpGT0i7ua29jVXBhsL.jpg, 1, 0, 1, 1, 1, 0, 1, 1
shareasale_com_png.rf.mDI87JqtjRohtULHfIhV.jpg, 1, 0, 0, 0, 1, 0, 0, 1
nofilmschool_com_png.rf.mPlFsxRAPhOYZvXGWFXS.jpg, 1, 1, 1, 1, 1, 0, 1, 1
amzn_com_png.rf.mQWM5ROJcaPTs2CXEtKD.jpg, 1, 1, 1, 1, 1, 0, 1, 1
reactjs_org_png.rf.mVVXIoi1Z6wajkul67cn.jpg, 1, 1, 1, 0, 1, 0, 1, 1
line_me_png.rf.mVz7Mls25wlfXAbp9nkZ.jpg, 1, 0, 1, 0, 1, 0, 1, 1
cdn_jsdelivr_net_png.rf.mWWvS04AuKJBFyMzkxxY.jpg, 1, 0, 1, 0, 1, 0, 1, 1
sustainabledevelopment_un_org_png.rf.mil9gtph1KwATF4TxKop.jpg, 1, 0, 1, 0, 1, 0, 1, 1
harborfreight_com_png.rf.mbencKmdD5zNMY3nCkXY.jpg, 1, 1, 1, 0, 1, 0, 1, 1
developer_apple_com_png.rf.mkHyR1QH2X4pRGW2zwcB.jpg, 1, 1, 1, 0, 1, 0, 1, 1
dictionary_cambridge_org_png.rf.mm7sdrAGF6z3vpQiEfY7.jpg, 1, 1, 1, 0, 1, 0, 1, 1
arxiv_org_png.rf.mwJiHZYpig8XPCnYL4ha.jpg, 1, 1, 1, 0, 1, 0, 1, 1
phabricator_wikimedia_org_png.rf.mojieJdWZB7EW37Vdlm4.jpg, 1, 0, 1, 0, 1, 0, 1, 1
ezinearticles_com_png.rf.mxTFeot8j7ZWb7fV86gp.jpg, 1, 1, 1, 0, 1, 0, 1, 1
hootsuite_com_png.rf.myi6hHiR7V2oYSJNrWUD.jpg, 1, 0, 1, 0, 1, 0, 1, 1
stellar_org_png.rf.mzU2H15Ev3s0zSvIT7tr.jpg, 1, 0, 1, 0, 1, 0, 0, 1
payhip_com_png.rf.n1RNb9sUL672ih639n2A.jpg, 1, 1, 1, 0, 1, 0, 0, 1
storify_com_png.rf.n4jodbirqwEpumPSESbk.jpg, 1, 0, 1, 0, 1, 0, 1, 1
reurl_cc_png.rf.n5JuWt5KayfCkeU17p1q.jpg, 1, 1, 1, 1, 0, 1, 0, 1
web_facebook_com_png.rf.nE2jSyr4JaUP5gACUfQh.jpg, 1, 1, 1, 0, 1, 1, 1, 1
tools_ietf_org_png.rf.nOYXawKRnT33wsAUQUyO.jpg, 0, 1, 1, 0, 1, 0, 1, 1
business_google_com_png.rf.nV7ygTmYf9dwvfYpfjw4.jpg, 1, 0, 1, 0, 1, 0, 1, 1
yle_fi_png.rf.nVOsyNkykMhzD9JLEpHb.jpg, 1, 1, 1, 0, 1, 1, 1, 1
pitchfork_com_png.rf.nXC7Le8Z2QnUfBssa37m.jpg, 1, 0, 1, 1, 1, 0, 1, 1
edition_cnn_com_png.rf.nXLzH1SRKwEYAWbZYR2i.jpg, 1, 0, 1, 1, 1, 0, 1, 1
wowhead_com_png.rf.nZmi5iq5aSikTLUX7ulr.jpg, 1, 1, 0, 1, 1, 0, 1, 1
theguardian_com_png.rf.naTFwpP1b4QS3ciusIxX.jpg, 1, 0, 1, 0, 1, 0, 0, 1
ge_tt_png.rf.ne9jE5B4yzGJin87EqcL.jpg, 1, 0, 1, 0, 1, 0, 1, 1
fonts_google_com_png.rf.nfkTIFCvMuMMaypbSuzu.jpg, 1, 1, 1, 0, 1, 0, 1, 1
letterboxd_com_png.rf.ni1PRcwo9VOaXogbARXo.jpg, 1, 1, 1, 0, 1, 0, 0, 1
en_wikipedia_org_png.rf.nk3Cjb9Att7GhL8F1Kd3.jpg, 1, 1, 1, 0, 1, 0, 1, 1
trello_com_png.rf.norkCIqSZbpOUgNHVQws.jpg, 1, 1, 1, 0, 1, 0, 0, 1
upwork_com_png.rf.nr5AIqfrN9Q1q5XNZnYQ.jpg, 0, 0, 1, 1, 0, 0, 1, 1
cc_com_png.rf.nwxVImFYfKsTlmOfgB6z.jpg, 1, 0, 1, 0, 1, 0, 1, 1
ec_europa_eu_png.rf.nxvAt5yNzb2tX65Z5jsY.jpg, 1, 0, 1, 0, 1, 0, 1, 1
vk_me_png.rf.o0HICfHeXsEMwqs7umeU.jpg, 1, 0, 0, 0, 1, 0, 0, 1
gimp_org_png.rf.o1zL50m17EKx7Mo7Harz.jpg, 1, 0, 1, 0, 1, 0, 1, 1
iso_org_png.rf.o9pFFykSkligEAEHA5Vz.jpg, 1, 0, 1, 0, 1, 0, 0, 1
anchor_fm_png.rf.oAF8ylU8l3VUyhj3sfQb.jpg, 1, 0, 1, 0, 1, 0, 1, 1
insta360_com_png.rf.oAYMO6t44JiEMEzvKYzM.jpg, 1, 0, 0, 0, 1, 0, 0, 1
boredpanda_com_png.rf.oJri0xjWJ06Hba0Xh0ag.jpg, 1, 0, 1, 1, 1, 0, 0, 1
wunderground_com_png.rf.oJvW0paGNis6AkBlXJzK.jpg, 1, 1, 1, 0, 1, 0, 1, 1
politico_com_png.rf.oPq3zG7KpHE0UdceineW.jpg, 1, 0, 1, 1, 1, 0, 1, 1
searchengineland_com_png.rf.ofZFuib0tq1z5DGFe2e5.jpg, 1, 1, 1, 1, 1, 0, 1, 1
tripadvisor_co_uk_png.rf.omZRksoSAIvPqbb7Fh0y.jpg, 1, 1, 0, 0, 1, 0, 1, 1
telegraph_co_uk_png.rf.p310oW50z6QbA3RR1xdZ.jpg, 1, 0, 1, 1, 1, 0, 1, 1
credit_mosgorcredit_ru_png.rf.p6UZ1CjjFqhkJ3sAxq1N.jpg, 1, 1, 0, 0, 1, 0, 1, 1
tensorflow_org_png.rf.pGjGP6dkCdo1hViNqkel.jpg, 1, 1, 1, 0, 1, 0, 1, 1
livescience_com_png.rf.pU1gGEjrbcS0L3sP9Kg2.jpg, 1, 0, 1, 1, 1, 0, 1, 1
barnesandnoble_com_png.rf.pWq5b8k5u9mm8JXL0MOT.jpg, 1, 1, 1, 0, 1, 0, 1, 1
timeout_com_png.rf.pXDnh9L2f1jAE9FLV5yn.jpg, 1, 0, 1, 1, 1, 0, 1, 1
gdpr-info_eu_png.rf.paq5gl22ujGWRoZWrBGk.jpg, 1, 1, 1, 0, 1, 0, 1, 1
chromium_org_png.rf.pfMMDDJxYOBo7CZ9LPA4.jpg, 1, 1, 1, 0, 1, 0, 1, 1
channel4_com_png.rf.phkjCz3277tWL6dNlR9L.jpg, 1, 0, 1, 0, 1, 0, 0, 1
gulfnews_com_png.rf.pqk0HWMdDgqzWvtn2Qfh.jpg, 1, 0, 1, 1, 1, 0, 1, 1
americanexpress_com_png.rf.pwYA73uEqdAbMBMwWWFR.jpg, 1, 1, 1, 0, 1, 1, 1, 1
stackoverflow_com_png.rf.pwcpBlDj6iGpISislT1M.jpg, 1, 1, 1, 0, 1, 0, 1, 1
myspace_com_png.rf.pygBayQBVV9XUKkP4oFK.jpg, 1, 1, 1, 0, 1, 0, 1, 1
icloud_com_png.rf.q0VG4B8Jh0plIUFXaNj7.jpg, 1, 0, 0, 1, 1, 0, 1, 1
web_ovationtix_com_png.rf.q1hj3FqwkUZWnWiGGOg0.jpg, 1, 1, 1, 0, 1, 1, 1, 1
udacity_com_png.rf.q5Ku5tcEL8qP4JBofOEq.jpg, 1, 0, 1, 0, 1, 0, 1, 1
fairuse_stanford_edu_png.rf.qD3Tvzc0lgqvxE7fNaOl.jpg, 1, 0, 1, 1, 1, 0, 1, 1
ebay_com_png.rf.qEv3S9ivyttpMagZZ4Ok.jpg, 1, 1, 1, 0, 1, 0, 1, 1
nfl_com_png.rf.qGQyRirz4P77Jc85KaOX.jpg, 1, 0, 1, 1, 1, 0, 1, 1
nbc_com_png.rf.qQpJKzZivgHbr7wM7PXn.jpg, 1, 0, 1, 0, 1, 0, 0, 1
ecfr_gov_png.rf.qRJ9XSmaao7v6HphunQO.jpg, 0, 1, 1, 0, 1, 1, 1, 1
bitmex_com_png.rf.qXyqXp15PS9et9Xxw2lP.jpg, 1, 0, 1, 1, 1, 0, 1, 1
validator_w3_org_png.rf.qYv9vzmzfnU2omCeYfHF.jpg, 1, 1, 1, 0, 1, 1, 1, 1
onesignal_com_png.rf.qbtorvtQkHbwDawBCllU.jpg, 1, 0, 1, 0, 1, 0, 0, 1
latimes_com_png.rf.qZSkhB990sQK0TA1k3gG.jpg, 1, 0, 0, 1, 1, 0, 1, 1
analytics_blogspot_com_png.rf.qn31WAa3e2qtpXljl1SC.jpg, 1, 1, 1, 0, 1, 0, 1, 1
pl_linkedin_com_png.rf.qrrf6jBvSviyNpVgElw8.jpg, 1, 1, 1, 0, 1, 1, 0, 1
strava_com_png.rf.qupfJBRLBQWw6VhciQn2.jpg, 1, 0, 1, 0, 1, 0, 1, 1
feedly_com_png.rf.qvtiDKOCXxaTD2lGuUf5.jpg, 1, 0, 1, 0, 1, 0, 1, 1
freshbooks_com_png.rf.qwqOcuJqB8hjlJVTjER9.jpg, 1, 1, 1, 1, 1, 1, 1, 1
help_github_com_png.rf.qy1bdEavzFgZDu1GgVAY.jpg, 1, 1, 1, 0, 1, 0, 0, 1
law_cornell_edu_png.rf.r0hLfNOVwnf0iMpR0NcL.jpg, 1, 1, 1, 1, 1, 0, 1, 1
educationboardresults_gov_bd_png.rf.qzNAUtO1PbxWHCLNecJ0.jpg, 0, 1, 1, 0, 1, 0, 1, 1
affiliate-program_amazon_com_png.rf.r4kkHJNHvWQ1YfBZgQ6T.jpg, 1, 0, 1, 0, 1, 0, 1, 1
today_com_png.rf.rAsb55CYjR1Euo6Y8gJW.jpg, 1, 0, 1, 0, 1, 0, 1, 1
hpe_com_png.rf.r4rrLUKUeSeWLrWwdGzI.jpg, 1, 0, 1, 0, 1, 0, 1, 1
m21_hk_png.rf.9VHeVetjTetrAACnqlDO.jpg, 1, 1, 0, 1, 1, 0, 1, 1
zoom_us_png.rf.9WpR8nLt216ZnXp12EZv.jpg, 1, 0, 1, 0, 1, 0, 1, 1
web_stanford_edu_png.rf.9a60c7039ced21c671b020ae25194dc5.jpg, 1, 0, 0, 0, 0, 0, 0, 1
vimeo_com_png.rf.9UFiXxYwgjqYRbrjuQcU.jpg, 0, 0, 1, 1, 1, 0, 0, 1
opengroup_org_png.rf.9YgrggQz6kjyaHKHG6I8.jpg, 1, 1, 1, 0, 1, 0, 0, 1
jsfiddle_net_png.rf.9PlFQOGf84PXgxHKV8X5.jpg, 1, 1, 1, 1, 1, 0, 1, 1
wunderground_com_png.rf.9cec960ebdf745d7990795dc2f51c50b.jpg, 1, 1, 1, 0, 1, 0, 1, 1
w3schools_com_png.rf.9d20119884355fabbea0d3b3978c8353.jpg, 1, 0, 1, 0, 0, 0, 1, 1
mirror_co_uk_png.rf.9d5a0155a6ac36b4d9ab5cbcb54cadd2.jpg, 1, 0, 0, 1, 1, 0, 0, 1
monsterinsights_com_png.rf.9d759483ca6cabc8666956bc1df5a29d.jpg, 1, 0, 1, 0, 1, 0, 0, 1
dafont_com_png.rf.9bb0791f9105e5ccc735f57d303483da.jpg, 1, 1, 0, 1, 1, 0, 1, 1
humblebundle_com_png.rf.9bb0c783458b08a8f56de5767a4a9cb0.jpg, 1, 1, 1, 0, 1, 0, 1, 1
stock_adobe_com_png.rf.9cdaa868c68ca3e71c3ba1afadb132f5.jpg, 1, 1, 1, 0, 1, 0, 1, 1
ctt_ac_png.rf.9b3a75331f777bc655ab18ddd9ad3c15.jpg, 1, 0, 1, 1, 1, 0, 0, 1
t_qq_com_png.rf.9a2a7098520726dd0cbc0402185200b2.jpg, 1, 0, 1, 1, 1, 0, 1, 1
freecodecamp_org_png.rf.9d8d62268190cb54a0853cc2a89ffbec.jpg, 1, 1, 1, 0, 1, 0, 0, 0
automattic_com_png.rf.9da30c3654db340022ad60c682b9a091.jpg, 1, 0, 1, 0, 1, 0, 0, 1
tripadvisor_co_uk_png.rf.9d44790ecac272808858075edf50d6aa.jpg, 1, 1, 0, 0, 1, 0, 1, 1
rollingstone_com_png.rf.9ec1815d28457e8559a330d3a351c5df.jpg, 1, 1, 1, 1, 1, 0, 1, 1
barnesandnoble_com_png.rf.9f298559eda12d9cff9707d3e4c4df17.jpg, 1, 1, 1, 0, 1, 0, 1, 1
online_wsj_com_png.rf.9f7ddfbca4c67825154453410847d43a.jpg, 1, 0, 1, 1, 1, 0, 1, 1
smithsonianmag_com_png.rf.9da60c1833b684d9835c1ec3751fa6ec.jpg, 1, 1, 1, 1, 1, 0, 1, 1
torontosun_com_png.rf.9f35d693dc6401f326c7c18530f3792a.jpg, 1, 0, 1, 0, 1, 0, 1, 1
qz_com_png.rf.9f8aefb82ce696db3abdabccead2e01c.jpg, 1, 0, 1, 0, 1, 0, 1, 1
gutenberg_org_png.rf.9faec110f680dce1997d305747ec778d.jpg, 1, 1, 1, 1, 1, 0, 1, 1
yahoo_com_png.rf.9mP7AS3KC7Ypkzma7U02.jpg, 1, 1, 1, 0, 1, 0, 1, 1
ifttt_com_png.rf.9rHaxw0YbQCaxOdiuwLF.jpg, 1, 1, 0, 0, 1, 0, 1, 1
spark_adobe_com_png.rf.9ufbM7UI44lPDVlhvvXd.jpg, 1, 0, 1, 0, 1, 0, 1, 1
clickondetroit_com_png.rf.9wX6A0KGb7OUGrQVXHdO.jpg, 1, 0, 1, 1, 1, 0, 1, 1
notion_so_png.rf.9xvaNqfSgzpwN7tZQ56H.jpg, 1, 1, 1, 0, 1, 0, 0, 1
diigo_com_png.rf.A2GbRxsEteX9dFn5o6fo.jpg, 1, 0, 0, 0, 1, 0, 1, 1
www3_nhk_or_jp_png.rf.ACWRklTLUHhY9SlyTW3T.jpg, 1, 1, 1, 0, 1, 0, 1, 1
redbubble_com_png.rf.AF3dZc4LVdcFwMkzJEuc.jpg, 1, 1, 1, 0, 1, 0, 0, 1
flaticon_com_png.rf.AFMDE0TOgKxKLvR340mX.jpg, 1, 1, 1, 0, 1, 0, 1, 1
corriere_it_png.rf.ANKB54ss6dnkwr5we76H.jpg, 1, 0, 1, 0, 1, 0, 1, 1
meta_wikimedia_org_png.rf.AQ8kFYvYNY0Hd1jO5V9E.jpg, 1, 1, 1, 0, 1, 0, 1, 1
wsj_com_png.rf.AXUsAVvmHTBdw1G2uzEU.jpg, 1, 0, 1, 1, 1, 0, 1, 1
apple_co_png.rf.AXjsUMqIbiVjicc5Cfrt.jpg, 1, 0, 1, 0, 1, 0, 1, 1
automattic_com_png.rf.AbjMTxhu5fQhS1JvdilY.jpg, 1, 0, 1, 0, 1, 0, 0, 1
gofundme_com_png.rf.Agbdcq6ScuRbMJkMVSO6.jpg, 1, 0, 1, 0, 1, 0, 1, 1
rottentomatoes_com_png.rf.AhqBbx3Lom01UOS0B7ZZ.jpg, 1, 1, 1, 0, 1, 0, 1, 1
hackerone_com_png.rf.Akkv1CQ0euF2WY7syXZS.jpg, 1, 0, 1, 0, 1, 0, 1, 1
evernote_com_png.rf.Atxlx3n3jkz7HJT58gnz.jpg, 1, 0, 1, 0, 1, 0, 1, 1
w3schools_com_png.rf.B47bd5E3IRyEmiGDyd1e.jpg, 1, 0, 1, 0, 0, 0, 1, 1
sciencealert_com_png.rf.B6PrjhMoGJzamlQQxrx9.jpg, 1, 0, 0, 0, 1, 0, 1, 1
sketchup_google_com_png.rf.BMRdg9lQclHl6lHAK8G1.jpg, 1, 0, 1, 1, 1, 0, 1, 1
appleinsider_com_png.rf.BP0uD4XGnw1sNLTN0a8O.jpg, 1, 0, 1, 1, 1, 0, 0, 1
online_wsj_com_png.rf.BfpXjWIn3KjFLD4AzvS5.jpg, 1, 0, 1, 1, 1, 0, 1, 1
theverge_com_png.rf.BRORSpx0BCmRdzdCtw7J.jpg, 1, 0, 1, 1, 1, 0, 1, 1
sutterhealth_org_png.rf.Bj0Spy7jfHB4B0lhqAjb.jpg, 1, 1, 1, 0, 1, 0, 1, 1
audible_com_png.rf.BmCqaLo5hOFCfFMpfcQ7.jpg, 1, 1, 1, 0, 1, 0, 1, 1
techspot_com_png.rf.BolPppApSYWxk1SjWM3d.jpg, 1, 0, 1, 1, 0, 0, 0, 1
code_google_com_png.rf.BqikjC92bZBb66Z9pg3d.jpg, 1, 0, 1, 0, 1, 0, 1, 1
medium_com_png.rf.BrQzM9o6oJWv2BUOxyqZ.jpg, 1, 0, 1, 0, 1, 0, 0, 1
octagonarts_org_png.rf.BvVDPHI0bGNRLr2xhTXA.jpg, 1, 0, 1, 0, 1, 0, 0, 1
s0_wp_com_png.rf.C6O9UHHYGpCKN1O54Rri.jpg, 1, 0, 1, 0, 1, 0, 0, 1
funnyordie_com_png.rf.CK2XLj9ifAMPCdYSEcbk.jpg, 1, 0, 1, 1, 1, 0, 1, 1
thesun_co_uk_png.rf.CKekm0DKh8uCiD0lD261.jpg, 1, 0, 1, 0, 1, 0, 1, 1
bit_do_png.rf.CM1KP4LFCa7znwMMwANH.jpg, 1, 1, 1, 1, 1, 0, 1, 1
billboard_com_png.rf.CQcalsM5AfGWL27jKz4a.jpg, 1, 0, 1, 1, 1, 0, 1, 1
amnestyusa_org_png.rf.CRdiOpkU4NlauwMVMesU.jpg, 1, 1, 1, 0, 1, 0, 0, 1
bits_blogs_nytimes_com_png.rf.CXZJvbVFNHVfs6LPAT1a.jpg, 1, 0, 1, 1, 1, 0, 1, 1
nationalarchives_gov_uk_png.rf.Cfa7Y6cFovjPJARZ3vmL.jpg, 1, 1, 1, 0, 1, 0, 1, 1
oracle_com_png.rf.CmCBnD9vrHYBGNN8gqW5.jpg, 1, 1, 1, 0, 0, 0, 1, 1
pt_wikipedia_org_png.rf.Cmn1eKl8dIpy70PxaETr.jpg, 1, 1, 1, 0, 1, 0, 1, 1
research_google_com_png.rf.CrYBz176YGTksravgn4o.jpg, 1, 0, 1, 0, 1, 0, 1, 1
dhs_gov_png.rf.CtG8taBotgAiSp62jcQ1.jpg, 1, 1, 1, 0, 1, 0, 1, 1
fortune_com_png.rf.D7Bz6VvYT9Fhhe73ai2p.jpg, 1, 0, 1, 0, 1, 0, 1, 1
greenpeace_org_png.rf.D8AUtAlL9PUf1Hejrttb.jpg, 1, 1, 1, 0, 1, 1, 1, 0
blog_goo_ne_jp_png.rf.D9uAFILmlIXsvvkow9Lh.jpg, 1, 0, 1, 0, 1, 0, 1, 1
caniuse_com_png.rf.DGQClfldT0eksJ2S4NBQ.jpg, 1, 1, 1, 0, 1, 0, 1, 1
policies_google_com_png.rf.DTehkQp5IZTFXSWMFCgU.jpg, 0, 0, 1, 0, 1, 0, 1, 1
plesk_com_png.rf.DVIglhymfn4LliOTBwKL.jpg, 1, 0, 1, 0, 1, 0, 1, 1
penguinrandomhouse_com_png.rf.DbC9UFwSe6t0z4gGP5L3.jpg, 1, 1, 1, 0, 1, 0, 0, 1
paypal_me_png.rf.DcO6anUDNE6lbmDZtqjO.jpg, 1, 0, 1, 0, 1, 0, 1, 1
vizeo_net_png.rf.DkPXaXYn1YUaIiPvvnuA.jpg, 1, 0, 0, 1, 1, 0, 0, 1
dafont_com_png.rf.DktrFPtLW4gukPbImYlo.jpg, 1, 1, 0, 1, 1, 0, 1, 1
ga-dev-tools_appspot_com_png.rf.Dn9YNF3lFLD9YS7FeAvY.jpg, 1, 0, 1, 0, 1, 0, 1, 1
uber_com_png.rf.Dr6xV7YnDKBwkfXsPRcQ.jpg, 1, 0, 1, 0, 1, 0, 1, 1
jquery_com_png.rf.DszXVD6hWMTM8vlOTwmb.jpg, 1, 1, 1, 0, 1, 0, 1, 1
en_m_wikipedia_org_png.rf.DxrlSaI5Jg68mEUpzfDA.jpg, 1, 1, 1, 0, 1, 1, 1, 1
esri_com_png.rf.DzBAiIr42BVTmYUElpIk.jpg, 1, 0, 1, 0, 1, 0, 0, 1
mp_weixin_qq_com_png.rf.E2PPUWO0kndW3JfJQp96.jpg, 1, 0, 1, 0, 1, 0, 0, 1
developer_android_com_png.rf.E2UqOh1nOJcvG1wqsFvU.jpg, 1, 1, 1, 0, 1, 0, 1, 1
sellfy_com_png.rf.EB44s9t7GuWDPczKtLXf.jpg, 1, 0, 1, 0, 1, 0, 0, 1
ticketmaster_com_png.rf.EBnTNRoszCXOzjFgFWHJ.jpg, 1, 1, 1, 1, 1, 0, 1, 1
hotpepper_jp_png.rf.EDRPnMWtr3eMMvSNUDzV.jpg, 1, 0, 1, 0, 1, 0, 1, 1
hubpages_com_png.rf.EHqQe4kFWyVPpLShFXT3.jpg, 1, 0, 1, 0, 1, 0, 1, 1
podcasts_google_com_png.rf.EI5tiGMC2gZQKSPOO1gQ.jpg, 1, 1, 0, 0, 1, 0, 0, 1
chron_com_png.rf.EJuwt0AlR0nL5A0tFfHa.jpg, 1, 1, 1, 1, 1, 0, 1, 1
ello_co_png.rf.EXkSOZ3vaAG3pzOd4C0Z.jpg, 1, 1, 1, 1, 1, 0, 0, 1
michigan_gov_png.rf.EYwUl9kwmyZTRcG5rUwp.jpg, 1, 1, 1, 0, 1, 1, 1, 1
epa_gov_png.rf.Eb8HQe5j1A2QN3bRc3Dg.jpg, 1, 1, 1, 0, 1, 0, 1, 1
mashable_com_png.rf.EfaBmidNCrsoifu78UpR.jpg, 1, 0, 0, 0, 1, 0, 1, 1
tagmanager_google_com_png.rf.Eirnh9BndsWvOTi5E4VP.jpg, 1, 1, 1, 0, 1, 0, 1, 1
gplus_to_png.rf.EnKLulIMzneEpTV8DYLE.jpg, 0, 0, 0, 1, 0, 0, 0, 1
cia_gov_png.rf.EpCEMjh8AFCj2wTbc64o.jpg, 1, 1, 1, 1, 1, 0, 1, 1
wp-rocket_me_png.rf.EsQN1RX0oy1yiHrdd7HT.jpg, 1, 0, 1, 0, 0, 0, 1, 1
popsci_com_png.rf.EtpguZIveuLGPgeQ7UmH.jpg, 1, 0, 0, 0, 1, 0, 1, 1
plosone_org_png.rf.Ezl2j60FM3J7GhvIaWVv.jpg, 1, 1, 1, 1, 1, 0, 0, 1
aparat_com_png.rf.F0t4Nm2xXe4HSHG3Xqqg.jpg, 1, 1, 1, 0, 1, 0, 0, 1
livestrong_com_png.rf.F3kMnxcYmV4BfMbf2Sbp.jpg, 0, 1, 1, 0, 1, 0, 1, 1
starwars_com_png.rf.FB8E4cubKgAQddlUtmkT.jpg, 1, 1, 1, 0, 1, 0, 0, 1
ndtv_com_png.rf.FF0VN3vz2N2nUO6wVBQ5.jpg, 1, 0, 1, 1, 1, 0, 0, 1
mewe_com_png.rf.FFNApJDb3UMYDMmST7PD.jpg, 1, 1, 1, 0, 1, 1, 1, 1
help_instagram_com_png.rf.FGZnBv3zOxwudlq8x1Ma.jpg, 1, 1, 1, 0, 1, 0, 1, 1
play_google_com_png.rf.FKJ2syb5ID6lqAPJS7UF.jpg, 1, 1, 1, 1, 1, 0, 0, 1
sfgate_com_png.rf.FLs5YSnS9N0UozkF8hDz.jpg, 1, 1, 1, 1, 1, 0, 1, 1
blog_sina_com_cn_png.rf.FNwb0C7R3yTYG9COKwGr.jpg, 1, 1, 1, 0, 1, 0, 1, 1
nrdc_org_png.rf.FPWVQSrDAnaXZ5cCLfWk.jpg, 1, 1, 1, 0, 1, 0, 1, 1
washingtoncitypaper_com_png.rf.FPbVY3Tz2xAjGHn2DVVx.jpg, 1, 0, 1, 0, 1, 0, 0, 1
mixcloud_com_png.rf.FTDGE7CjTxydj4ekW5GJ.jpg, 1, 1, 1, 0, 1, 0, 1, 1
bonanza_com_png.rf.FVb7MSJtR1wg2BhDrcnU.jpg, 1, 1, 1, 0, 1, 0, 0, 1
mercadopago_com_png.rf.FZYnBRniyXvobomWNTcA.jpg, 1, 0, 1, 0, 1, 0, 0, 0
etsy_com_png.rf.FdmYfN1jcWIZCi5cdHOL.jpg, 1, 1, 1, 0, 0, 0, 0, 1
android_com_png.rf.FeJBgc5DN7InjGkjLNW7.jpg, 1, 0, 1, 0, 1, 0, 1, 1
backblaze_com_png.rf.Fp9Ic2YUpr0ACOgOMjse.jpg, 1, 0, 1, 0, 1, 0, 0, 1
travel_state_gov_png.rf.FpqBzGY2dVFzo34SPRSV.jpg, 1, 1, 1, 0, 1, 0, 1, 1
amzn_to_png.rf.FsTFbLT5J6nZEn2D92lG.jpg, 1, 1, 1, 1, 1, 0, 1, 1
biblegateway_com_png.rf.G7Ys7tB0qucjZwh7kOzZ.jpg, 1, 1, 1, 1, 1, 0, 1, 1
bbcamerica_com_png.rf.GDhkNwC0GpAgOgRRKLuY.jpg, 1, 0, 1, 0, 1, 0, 1, 1
sas_com_png.rf.GIaZDl1PvkhaQfuAny4o.jpg, 1, 0, 1, 0, 1, 0, 0, 1
jetbrains_com_png.rf.GIyyjEzbI8tPgGlLoOf7.jpg, 1, 0, 1, 0, 1, 0, 1, 1
itunes_apple_com_png.rf.GKZbCb8t0luRhY32KY7X.jpg, 1, 0, 1, 0, 1, 0, 1, 1
msn_com_png.rf.GLOttG3I9uX9WHdqzX4m.jpg, 1, 1, 1, 1, 1, 0, 1, 1
gallup_com_png.rf.GPHkfcoVhL4Q5hyCfTdq.jpg, 1, 0, 1, 0, 1, 0, 1, 1
issuu_com_png.rf.GVjCQvxYK0IglRf7WRR9.jpg, 1, 1, 1, 0, 1, 0, 1, 1
articles_latimes_com_png.rf.GeCh7t71DWo6UO2kE9aG.jpg, 1, 0, 0, 1, 1, 0, 1, 1
gfycat_com_png.rf.GhJyuCN6i2Ogq2xsgzwD.jpg, 1, 1, 1, 1, 1, 0, 1, 1
canada_ca_png.rf.GhqnvLjR85VTp2AyxxX5.jpg, 1, 0, 0, 0, 1, 0, 1, 0
airbnb_co_uk_png.rf.GxKSZTvbqa69LasZyGWh.jpg, 1, 1, 1, 0, 1, 0, 1, 1
twitter_com_png.rf.H4qJjnKgvYW4xGO2RlII.jpg, 1, 1, 0, 0, 1, 0, 0, 1
startribune_com_png.rf.H0OiMXZBLBj8kxeLpSnu.jpg, 1, 0, 1, 1, 1, 0, 1, 1
blogtalkradio_com_png.rf.H6WHsYKbRfUMjMgSYjt7.jpg, 1, 1, 1, 0, 1, 0, 1, 1
instagram_com_png.rf.HBpe1zYEAgtKpRQNysnW.jpg, 1, 1, 1, 0, 1, 0, 1, 1
khanacademy_org_png.rf.HGK8zMR1OxW6X5k7dYyQ.jpg, 1, 0, 1, 0, 1, 0, 1, 1
torontosun_com_png.rf.HNYXVjwQo4pPhYXbGcAu.jpg, 1, 0, 1, 0, 1, 0, 1, 1
kickstarter_com_png.rf.HTP7pmoN26qIEZMn669d.jpg, 1, 0, 1, 0, 1, 0, 1, 1
t-mobile_com_png.rf.HUB75ndERJyc2WmHNpYM.jpg, 1, 0, 1, 0, 1, 0, 1, 1
hubs_ly_png.rf.HZYUKlITCl4NcSzUaCAu.jpg, 1, 1, 1, 1, 1, 0, 1, 1
liveinternet_ru_png.rf.HdfRwbPwJFnQsRybVHX0.jpg, 1, 1, 1, 0, 1, 1, 1, 1
news_stanford_edu_png.rf.Hdm6h7KsWijBT53jsJ3H.jpg, 1, 1, 1, 0, 1, 0, 1, 1
netzpolitik_org_png.rf.Hv4ehJtRXcN9qBIuq2PR.jpg, 1, 1, 1, 0, 1, 0, 1, 1
aarp_org_png.rf.HvDVKOvk9s8WAuj9v8qh.jpg, 1, 0, 1, 1, 1, 0, 1, 1
theatlantic_com_png.rf.I2lHKI3jdc5BJmDRNp7t.jpg, 1, 0, 1, 0, 1, 0, 1, 1
cancerresearchuk_org_png.rf.I8z4ZzPfinuwmfSDUZpm.jpg, 1, 1, 1, 0, 1, 0, 1, 1
techradar_com_png.rf.IBozqtyNTUvSuhlLinXS.jpg, 1, 0, 1, 1, 1, 0, 1, 1
download_microsoft_com_png.rf.IEaWmaUyCFAlBXjoyU4P.jpg, 1, 0, 1, 0, 1, 0, 0, 1
dw_com_png.rf.IGBEN0FCvTbAYStdGRQG.jpg, 1, 1, 1, 0, 1, 0, 1, 1
vmware_com_png.rf.IGhagGKR4Bxa0QydMDTp.jpg, 1, 0, 1, 0, 1, 0, 1, 1
pixiv_net_png.rf.IIJsJPFu1OEItVZdoTYf.jpg, 1, 1, 0, 0, 1, 0, 1, 1
mitpress_mit_edu_png.rf.ILTluEAvZxSb61f0PX5P.jpg, 1, 0, 1, 0, 1, 0, 0, 1
torproject_org_png.rf.ISOiOSNmBajHINhE0vz1.jpg, 1, 0, 1, 0, 1, 0, 0, 1
translate_google_com_png.rf.IUz1cDmXHY1sr1sO0ATz.jpg, 1, 0, 0, 0, 1, 0, 1, 1
music_apple_com_png.rf.IZ8p7S89sEvJOixPEVn2.jpg, 1, 1, 1, 0, 1, 0, 1, 1
adafruit_com_png.rf.ImHRrHIctDFo8B642pcA.jpg, 1, 1, 0, 1, 1, 0, 1, 1
health_harvard_edu_png.rf.IsAUvfpXQrfBf2SW1aht.jpg, 1, 1, 1, 0, 1, 0, 1, 1
wttc_org_png.rf.JCIvsluadufnEAIM9HnD.jpg, 1, 0, 1, 0, 1, 0, 0, 1
thriveglobal_com_png.rf.JEqg0xsmYp1W6zFqQX3g.jpg, 1, 1, 1, 0, 1, 0, 1, 1
transparencyreport_google_com_png.rf.JFgK1Nwr6tVv1GD2XUqA.jpg, 1, 0, 1, 0, 1, 0, 0, 1
orcid_org_png.rf.JGFebB56sPBGiVkInEc8.jpg, 1, 1, 1, 0, 1, 1, 1, 1
adweek_com_png.rf.JPn8UCzdWJJ56m49RUnn.jpg, 1, 0, 1, 1, 1, 0, 0, 0
mix_com_png.rf.JPnY2Mjhn1OCjK62TmzP.jpg, 1, 0, 0, 0, 1, 0, 1, 1
facebook_github_io_png.rf.JdVXEZKF0SnQ9vPnvjow.jpg, 1, 0, 1, 0, 1, 0, 1, 1
washingtontimes_com_png.rf.JVFz9YVosORUl9VYaMoz.jpg, 0, 1, 1, 1, 1, 0, 1, 1
zillow_com_png.rf.JtQ2ZX6HiG597eWnqO0C.jpg, 0, 0, 1, 1, 1, 0, 0, 0
healthline_com_png.rf.JwxOSJkbOM938xDuLbvS.jpg, 1, 1, 1, 0, 1, 0, 1, 1
huffingtonpost_ca_png.rf.K5UiV7mBetX8cglOfjLv.jpg, 1, 0, 1, 1, 1, 0, 1, 0
fas_org_png.rf.K6B9FJI8R4F8ITA0Rz1t.jpg, 1, 1, 0, 1, 1, 0, 1, 1
allaboutcookies_org_png.rf.KBGT9jwkK6da6GPZ5YTz.jpg, 1, 0, 1, 1, 1, 0, 1, 1
goo_gl_png.rf.KIXqpOt6TW9G5IsmlS3v.jpg, 1, 1, 1, 1, 1, 0, 1, 1
igg_me_png.rf.KIbt3U4FclL3jjCTC1Lq.jpg, 1, 0, 0, 0, 1, 0, 1, 1
marktplaats_nl_png.rf.KPtIAoyduefTN3FrM2gp.jpg, 1, 1, 1, 1, 1, 1, 1, 1
espn_com_png.rf.KqC6cOFRnv9xoIGas7SI.jpg, 1, 0, 1, 1, 1, 0, 1, 1
aboutads_info_png.rf.Kt0qYEBjeuZBeGiBkSre.jpg, 1, 0, 1, 0, 1, 0, 1, 1
monosnap_com_png.rf.KtRi1yuOoU3jp5LKaHyW.jpg, 1, 0, 0, 0, 1, 0, 0, 1
youtube_com_png.rf.KtsrjcirukMyYWF0kVqg.jpg, 1, 1, 1, 0, 1, 0, 1, 1
callofduty_com_png.rf.KuIxaUy23Qs4gKQ6rwS4.jpg, 1, 0, 1, 0, 1, 0, 0, 1
jdrf_org_png.rf.KuPDa5WsHd87Mno5U5FM.jpg, 1, 1, 1, 0, 1, 1, 1, 1
web_stagram_com_png.rf.KwrHiVX1wDIGiCFIxgaN.jpg, 1, 1, 1, 0, 1, 0, 1, 1
getcomposer_org_png.rf.L0cDjEG0rBVdqB7Rd2Kl.jpg, 1, 0, 1, 0, 1, 0, 1, 1
nimb_ws_png.rf.L7IJb6UKj5h7T9adtgUK.jpg, 0, 1, 0, 0, 1, 0, 1, 1
smile_amazon_com_png.rf.L8jS27x2yfHJfm1zq2m1.jpg, 1, 1, 1, 0, 1, 1, 1, 1
imgur_com_png.rf.L8msp7PAS6wZUgFa1Mu6.jpg, 1, 1, 0, 0, 1, 0, 1, 1
actionnetwork_org_png.rf.LBjMHHHjIAubLoStHj2v.jpg, 1, 1, 1, 0, 1, 0, 0, 1
bl_uk_png.rf.LD5sTnESKOXiz93Celib.jpg, 1, 1, 1, 0, 1, 1, 0, 1
dreamstime_com_png.rf.LD9QflI1zDxsZuavBmr5.jpg, 1, 1, 1, 0, 1, 0, 1, 1
groups_google_com_png.rf.LEsRo5KCm80X21ZtLKvD.jpg, 1, 1, 1, 0, 1, 0, 1, 1
wikipedia_org_png.rf.LE9VuRYnBab0aYCO8FHK.jpg, 1, 1, 1, 0, 1, 1, 1, 1
ameblo_jp_png.rf.LJPNTmST7zwCY7DDvGUR.jpg, 1, 0, 1, 0, 1, 0, 1, 0
secure_php_net_png.rf.LKLFelSOGEvsoiwxGc3K.jpg, 1, 1, 1, 0, 1, 0, 1, 1
www2_deloitte_com_png.rf.LNmu9zdZYyvEKJbGdcIo.jpg, 1, 0, 1, 0, 1, 0, 1, 1
cambridge_org_png.rf.LO7V53TG76GaZyUwW8VF.jpg, 1, 1, 1, 0, 1, 0, 0, 0
doi_org_png.rf.LPmzJADb0jY5w57jhgz7.jpg, 1, 1, 1, 0, 1, 0, 1, 1
radar_avrotros_nl_png.rf.LRpBjnbeeUioQZZiS4zJ.jpg, 1, 1, 1, 0, 1, 0, 1, 1
springer_com_png.rf.LVW7FulpgL0XDxhb6eZP.jpg, 1, 1, 1, 0, 1, 0, 1, 1
radiokrakow_pl_png.rf.LWzh6MepErIjHvxsqC4I.jpg, 1, 1, 1, 0, 1, 0, 1, 1
bing_com_png.rf.LYE99fXMkF27dwPqVfYF.jpg, 1, 1, 1, 0, 1, 0, 1, 1
web_archive_org_png.rf.LoeB3rO9r5RbeoKpVvjW.jpg, 1, 1, 0, 0, 1, 0, 1, 1
urbandictionary_com_png.rf.LplWCM9IStlqC9C746LM.jpg, 1, 1, 0, 0, 1, 0, 1, 1
wp_me_png.rf.LqkDDYOLwmlbQw9yS5HJ.jpg, 1, 0, 1, 0, 1, 0, 0, 1
fool_com_png.rf.M1BYf2T0GlrlMpNRSaWY.jpg, 1, 0, 1, 0, 1, 0, 0, 1
hotnewhiphop_com_png.rf.M7IPQRvukNwI3iw8xRcE.jpg, 1, 0, 1, 0, 1, 0, 1, 1
www8_hp_com_png.rf.MDqsKOSDY9xx4hSDysmu.jpg, 1, 0, 1, 0, 1, 0, 1, 1
itv_com_png.rf.MKGP8VidUwvjLTcHTd6a.jpg, 1, 0, 1, 0, 1, 0, 1, 1
ow_ly_png.rf.MOAShedx8XdSJXhxpF4o.jpg, 1, 0, 1, 0, 1, 0, 1, 1
amazon_fr_png.rf.MR50DWnQNdiOmF1FA4Ej.jpg, 1, 1, 1, 1, 1, 0, 1, 1
behance_net_png.rf.MRg7BnnRRv9gJ5DdJbUH.jpg, 1, 0, 1, 0, 1, 0, 1, 1
minnpost_com_png.rf.MYTQWrZgWZEGF7P2qQZU.jpg, 1, 0, 1, 1, 1, 0, 1, 1
venturebeat_com_png.rf.Ma7GYQpzsEUbfgL64A7a.jpg, 1, 1, 1, 1, 1, 0, 1, 1
weforum_org_png.rf.MaGLd6zBKbZbqX45PoAN.jpg, 1, 0, 1, 0, 1, 0, 1, 1
notepad-plus-plus_org_png.rf.MupWPp1xmPg28EGaI60n.jpg, 1, 0, 1, 0, 1, 0, 1, 1
bitpay_com_png.rf.N0pBkxPbs3XfjqF8nAHE.jpg, 1, 0, 1, 0, 1, 0, 1, 1
web_whatsapp_com_png.rf.NCDR8JL8djNLsMveCbST.jpg, 1, 0, 1, 0, 1, 0, 1, 1
ru_wikipedia_org_png.rf.NDdaiW7fBAWCKJoAENpu.jpg, 1, 1, 1, 0, 1, 0, 1, 1
history_com_png.rf.NFeb0jX6RGCRnBahYKlF.jpg, 1, 0, 1, 0, 0, 0, 0, 1
plus_google_com_png.rf.NGxIgmV20nIVmOTqZHMX.jpg, 1, 1, 1, 0, 1, 0, 1, 1
jetsetter_com_png.rf.NGyTBgHPQfYrgQlinTil.jpg, 1, 1, 0, 1, 1, 0, 1, 1
feeds_feedburner_com_png.rf.NHVsaMKt5g1tMIjCjCA8.jpg, 0, 0, 1, 0, 1, 0, 0, 1
elpais_com_png.rf.NKyNO3QG4aoZtBa20eXC.jpg, 1, 0, 1, 1, 1, 0, 1, 1
gnu_org_png.rf.NLEqkEGWY9wneBWNmQHl.jpg, 1, 1, 1, 0, 1, 0, 1, 1
citylab_com_png.rf.NPyWbvrpvudR5TdbnYFr.jpg, 1, 0, 1, 0, 1, 0, 1, 1
otto_de_png.rf.NR9ZGA5X7pkAH8BE5Vfj.jpg, 1, 1, 0, 0, 1, 0, 1, 1
huffingtonpost_co_uk_png.rf.NRYs9pgEHWcaS8WCXQqC.jpg, 1, 0, 1, 0, 1, 0, 1, 1
deviantart_com_png.rf.NTw26JTLImATErxy0cXl.jpg, 1, 0, 0, 0, 1, 0, 1, 1
drive_google_com_png.rf.NW7D1rBY1bVVu1izX91E.jpg, 1, 1, 1, 0, 1, 0, 1, 1
9to5mac_com_png.rf.NcF4DV5kC6mqzV9v1jIZ.jpg, 1, 0, 1, 1, 1, 0, 1, 1
boardgamegeek_com_png.rf.Nf090cFbGtZN4uMNX4aX.jpg, 1, 1, 1, 1, 1, 0, 1, 1
artstation_com_png.rf.NjQJluMUiA8ypgE0HBVu.jpg, 1, 1, 1, 0, 1, 0, 1, 1
googleblog_blogspot_com_png.rf.NmaNGK21qLIeOCOAGQwb.jpg, 1, 0, 1, 0, 1, 0, 1, 1
aclu_org_png.rf.NqFynB1toWNKKdfez3GN.jpg, 1, 0, 0, 1, 1, 0, 0, 1
hangouts_google_com_png.rf.NqNRTckTRCcFkUl5HpIa.jpg, 1, 0, 0, 0, 1, 0, 0, 1
time_com_png.rf.NvLdVoTv2Fja7ZDrb0Vw.jpg, 1, 0, 1, 0, 1, 0, 0, 1
icann_org_png.rf.NxcvPcqmNJEjYt59fo0i.jpg, 1, 1, 1, 0, 1, 0, 1, 1
apa_org_png.rf.NzhzITjXJUQF50Hy2wQU.jpg, 0, 1, 1, 0, 1, 1, 1, 1
buzzsprout_com_png.rf.O4v0ibxbDnE8fujQTlya.jpg, 1, 0, 1, 1, 1, 0, 0, 1
vedomosti_ru_png.rf.ONO6UdEFXye9CHh5nxB6.jpg, 1, 0, 1, 1, 1, 0, 1, 1
bls_gov_png.rf.O9CZAB0q0q7PedkuI5Ti.jpg, 1, 1, 1, 0, 1, 0, 1, 1
linktr_ee_png.rf.OTuMEcEXQ6aZM51Hhop6.jpg, 1, 0, 0, 1, 1, 0, 0, 1
nasa_gov_png.rf.Oar5hQQiv0ldwWuwIuxY.jpg, 1, 1, 1, 0, 1, 0, 1, 1
nzherald_co_nz_png.rf.Od7pmLE2s5ky8bJrSIkp.jpg, 1, 1, 1, 1, 1, 0, 1, 1
core_telegram_org_png.rf.Odkz0PYG4PXO1iK33Swb.jpg, 1, 0, 1, 0, 1, 0, 1, 1
flavors_me_png.rf.OeME0xNvMRhIdrrg9pVk.jpg, 0, 0, 0, 0, 1, 0, 1, 1
forums_adobe_com_png.rf.OpZkMfLAUcQV4izx6G1M.jpg, 1, 1, 0, 0, 1, 0, 1, 1
golang_org_png.rf.P8zUBahtYSNB5wA2ZGDS.jpg, 1, 1, 1, 1, 1, 0, 0, 1
huffpost_com_png.rf.PAA4123XJqMnkcaLMlLw.jpg, 1, 0, 1, 1, 1, 0, 1, 0
kaggle_com_png.rf.PCWWvu0py5PKEjyLL43M.jpg, 1, 0, 1, 0, 1, 0, 0, 1
s3_amazonaws_com_png.rf.PDyRazrZxhO3U2VXhL9C.jpg, 1, 0, 1, 1, 1, 0, 0, 1
nobelprize_org_png.rf.PEcC37QIKNdySf30KoIT.jpg, 1, 0, 1, 1, 1, 0, 1, 1
aka_ms_png.rf.PG05f68F5wIfdDnoZRhT.jpg, 1, 1, 0, 0, 1, 0, 1, 1
indiegogo_com_png.rf.PHX32XuQ9h7SoJ1A8SBa.jpg, 1, 0, 0, 0, 1, 0, 1, 1
slack_com_png.rf.PUOR0HATn6GtSxBUsSvY.jpg, 1, 0, 1, 1, 1, 0, 0, 1
play_spotify_com_png.rf.PcU3ndJ08hGZXYopwL8G.jpg, 1, 0, 1, 0, 1, 0, 1, 1
foursquare_com_png.rf.PlwOtVBRE6d5vQhptSp7.jpg, 0, 0, 1, 1, 0, 0, 1, 1
reddit_com_png.rf.Pkq8cz21DoEpBgMfZLSR.jpg, 1, 1, 1, 0, 1, 0, 1, 1
missingkids_com_png.rf.PmyO4DS7FEky4K4oJcKN.jpg, 1, 0, 0, 0, 1, 0, 1, 1
reuters_com_png.rf.PqargSEMcTq3wybxTLA1.jpg, 1, 0, 1, 0, 1, 0, 1, 1
esa_int_png.rf.PsBex41mwDwAN4AlRwA2.jpg, 1, 0, 1, 0, 1, 1, 1, 1
smarturl_it_png.rf.PzT5dqyBOCsmS95mCVY1.jpg, 1, 1, 1, 0, 1, 1, 1, 1
sans_org_png.rf.Q4joBL0l9rswXsjdgVAR.jpg, 1, 1, 1, 0, 1, 0, 1, 0
msdn_microsoft_com_png.rf.Q4kdpHOlftzudcSwbKHF.jpg, 1, 0, 1, 0, 1, 0, 0, 1
7-zip_org_png.rf.Q8hW3vouJvjGyI2FLxuy.jpg, 0, 0, 1, 0, 1, 0, 1, 1
coschedule_com_png.rf.QJ8DMzk4KK1291XopbOW.jpg, 1, 0, 1, 1, 1, 0, 1, 1
creativebloq_com_png.rf.QLWIHWJA6xIRPViZhfmR.jpg, 1, 0, 1, 1, 1, 0, 1, 1
patreon_com_png.rf.QLXW2ldIEsKKHUtCkJSK.jpg, 1, 1, 1, 0, 1, 0, 0, 1
vine_co_png.rf.QRSQFtMXhkMOHei0WeXK.jpg, 0, 0, 0, 0, 1, 0, 1, 1
gettyimages_com_png.rf.QU2FconqCgs8ZQkJ23NV.jpg, 1, 1, 1, 0, 1, 0, 1, 1
yelp_com_png.rf.QWINNL01Hj8TZcLOlU63.jpg, 1, 1, 1, 0, 1, 0, 1, 1
nationalgeographic_com_png.rf.QdUE0IgPihGp2k6zBWjI.jpg, 1, 0, 1, 0, 1, 0, 0, 1
booking_com_png.rf.QieR0rSbVQxzXKbIXdZL.jpg, 1, 1, 1, 0, 1, 1, 1, 1
codecademy_com_png.rf.QmdG4qmavlqv5HH9ypd0.jpg, 1, 1, 1, 0, 1, 1, 1, 1
zazzle_com_png.rf.QuQMso0YFpCrkn896ij0.jpg, 0, 0, 1, 1, 0, 0, 1, 1
opera_com_png.rf.QvPevWPLuwMBO9PSA001.jpg, 1, 0, 1, 0, 1, 1, 1, 1
yr_no_png.rf.QxqF25xDbB27GFuUfrOV.jpg, 1, 1, 0, 0, 1, 0, 1, 1
wiki_mozilla_org_png.rf.REJXlmGyrarW09irfilN.jpg, 1, 1, 1, 0, 1, 0, 1, 1
transip_nl_png.rf.RLKi6Kfm7W2t8tQS4GpT.jpg, 1, 1, 1, 0, 1, 0, 1, 1
arduino_cc_png.rf.RRYwmNBpROzGlVDmhjPW.jpg, 1, 0, 1, 0, 1, 0, 0, 1
spektrum_de_png.rf.RTR8J36A1Rl4tgxjrFHk.jpg, 1, 1, 1, 1, 1, 0, 1, 1
nytimes_com_png.rf.RWtJHvns7ReiAIAxGSf4.jpg, 1, 0, 1, 1, 1, 0, 1, 1
weebly_com_png.rf.RcXcNAGPUpO398K1igjn.jpg, 1, 0, 1, 0, 1, 0, 1, 1
copyright_gov_png.rf.RfZRTSKv1AZHAAJ13cat.jpg, 1, 1, 1, 0, 1, 0, 1, 1
flipkart_com_png.rf.RjVtRIvgGMEyJo3bsMp7.jpg, 1, 1, 0, 0, 1, 0, 1, 1
pusher_com_png.rf.Ruoj5qlKk3NvAilNV0Ay.jpg, 1, 0, 1, 0, 1, 0, 1, 1
r_gnavi_co_jp_png.rf.SFwVjo08WuhnaC6vpAH1.jpg, 1, 1, 1, 0, 1, 0, 1, 1
calameo_com_png.rf.SLkgxw0pJm2vmhiQk3GI.jpg, 1, 1, 1, 0, 1, 0, 1, 1
finance_yahoo_com_png.rf.SLohORFvmGk1s3JLL26Y.jpg, 1, 1, 1, 0, 1, 0, 1, 1
digitalocean_com_png.rf.STLwNDviVRApepdGxk0M.jpg, 1, 1, 1, 0, 1, 0, 1, 1
w3_org_png.rf.SXp3TUzQIGRQr01VMecQ.jpg, 1, 1, 1, 0, 1, 0, 1, 1
hrc_org_png.rf.Sakv0PA7GCWaeQdcuTwk.jpg, 1, 0, 1, 1, 0, 0, 0, 1
qz_com_png.rf.Sd3wlCzt4GfGR1SjV6ag.jpg, 1, 0, 1, 0, 1, 0, 1, 1
blog_hubspot_com_png.rf.SdANWbi0UBDsqbXdePcx.jpg, 1, 1, 1, 0, 1, 0, 1, 1
unity3d_com_png.rf.SonwcQNFYSXmYUsylrEQ.jpg, 1, 0, 1, 0, 1, 0, 1, 1
windows_microsoft_com_png.rf.SqC3Gh0MYqCP1NJHBlJ0.jpg, 1, 0, 1, 0, 1, 0, 1, 1
t_qq_com_png.rf.SsczqFVwGWLGw0sJZQ9B.jpg, 1, 0, 1, 1, 1, 0, 1, 1
g_co_png.rf.Sv4iEUlShBwscN9mQvcq.jpg, 0, 0, 1, 0, 0, 0, 1, 1
scribd_com_png.rf.T0E2Wnx7c9k90EI0WL0W.jpg, 1, 0, 1, 0, 1, 0, 1, 1
theta360_com_png.rf.T6bvpKLl4atAcHlMrYXq.jpg, 1, 0, 1, 0, 1, 0, 0, 0
amzn_eu_png.rf.T2ZtP8DjtAGDX89BIL8R.jpg, 1, 1, 1, 0, 1, 0, 1, 1
madmimi_com_png.rf.TQgAOu4lpzxODWbAFuVZ.jpg, 1, 0, 1, 0, 1, 0, 1, 1
consumer_ftc_gov_png.rf.TXNUqQWwpzHg8vPLJ98e.jpg, 1, 1, 1, 0, 1, 0, 1, 1
tweakers_net_png.rf.TYXXAJZ3pmRhg4CbKMW1.jpg, 1, 1, 1, 1, 1, 0, 1, 1
nbcsports_com_png.rf.TYepG8SFgDMUHdPovOjp.jpg, 1, 1, 1, 0, 1, 1, 0, 1
amazon_fr_png.rf.00cc3e66a2844e7baffcdb243eba180e.jpg, 1, 1, 1, 1, 1, 0, 1, 1
forum_xda-developers_com_png.rf.00d6ce099ac81ed5846f08dad1e1e073.jpg, 1, 1, 1, 1, 1, 0, 1, 1
artstation_com_png.rf.00e9b1b2a87351418ec7b46deb925259.jpg, 1, 1, 1, 0, 1, 0, 1, 1
space_com_png.rf.013054de405dc55b8b515aa40bc5c7e8.jpg, 1, 0, 1, 1, 1, 0, 1, 1
bit_do_png.rf.0142de51be2009e406dd2f0dcd213816.jpg, 1, 1, 1, 1, 1, 0, 1, 1
business_com_png.rf.0272628bb207298b4426765483a2fab2.jpg, 1, 0, 1, 0, 1, 0, 1, 1
m_youtube_com_png.rf.02d628429bb6b74db2166068b610a43d.jpg, 1, 1, 1, 0, 1, 0, 1, 1
creativebloq_com_png.rf.037c96efae1ca296ebdcd79d9ee68e7c.jpg, 1, 0, 1, 1, 1, 0, 1, 1
dreamstime_com_png.rf.033404e69df88635c84d5ff038170ca8.jpg, 1, 1, 1, 0, 1, 0, 1, 1
ameblo_jp_png.rf.039c0c7145031ed7320ff07934cffd30.jpg, 1, 0, 1, 0, 1, 0, 1, 0
class_ruten_com_tw_png.rf.03bcad3343f85f256461b54681442362.jpg, 1, 1, 1, 0, 1, 0, 1, 1
tor_com_png.rf.03c605c99ec9b7aa97d83650c147ed03.jpg, 1, 0, 1, 0, 1, 0, 1, 1
helpx_adobe_com_png.rf.0442bc765dde41a4a6a51f1fd750ec6b.jpg, 1, 1, 1, 0, 1, 0, 1, 1
codecademy_com_png.rf.048f205d2fd55af9a33acba1d09d536a.jpg, 1, 1, 1, 0, 1, 1, 1, 1
business_google_com_png.rf.04e1f76da88c58cc0a1141d9fa1dda96.jpg, 1, 0, 1, 0, 1, 0, 1, 1
ey_com_png.rf.04f834232a0eb6c6ce2b25466c5fbb48.jpg, 1, 1, 1, 0, 1, 0, 1, 1
makeuseof_com_png.rf.051d872e87b80acf9643a94107b236da.jpg, 1, 0, 1, 0, 1, 0, 0, 1
plato_stanford_edu_png.rf.053625aa197d5973ffa3b10da28597e9.jpg, 1, 1, 1, 0, 1, 0, 1, 1
madmimi_com_png.rf.0592a05a5168a0d2dcebbe49a120610e.jpg, 1, 0, 1, 0, 1, 0, 1, 1
upload_wikimedia_org_png.rf.05d253cfdc435d8bbe672a5a9165bc02.jpg, 1, 1, 1, 0, 1, 0, 1, 1
itunes_apple_com_png.rf.0614300ea66e0d1ad84ad87d71247e5d.jpg, 1, 0, 1, 0, 1, 0, 1, 1
vice_com_png.rf.0693fd25067f8e4284533aeadc65e4be.jpg, 1, 0, 0, 0, 1, 0, 1, 1
coschedule_com_png.rf.06f4ebeb78604cabc5eca8796f4c50c7.jpg, 1, 0, 1, 1, 1, 0, 1, 1
privacyshield_gov_png.rf.077c00a9a8f00a3200914ae2f93a6531.jpg, 1, 0, 1, 0, 1, 0, 1, 1
dictionary_com_png.rf.0786d6a5d992a281d84b60fca5abc6be.jpg, 1, 1, 1, 1, 1, 0, 1, 1
hotnewhiphop_com_png.rf.079ae5e5ed2faa14ff1d63fbe1c84947.jpg, 1, 0, 1, 0, 1, 0, 1, 1
maps_googleapis_com_png.rf.07bwLLAjKEGz3eEjO5Pd.jpg, 1, 1, 1, 0, 1, 0, 1, 1
channel4_com_png.rf.07daa9e5d5ac7cb88d1cea61021a09b3.jpg, 1, 0, 1, 0, 1, 0, 0, 1
aarp_org_png.rf.08d458dd63a9db42109f55877c6ba82c.jpg, 1, 0, 1, 1, 1, 0, 1, 1
wordpress_org_png.rf.09070e9b30847b719b80fcee0c7d0988.jpg, 1, 1, 1, 0, 1, 0, 0, 1
mlb_com_png.rf.0918800d8e5468f1ec79085dac2f6916.jpg, 1, 0, 1, 0, 1, 0, 1, 1
gumroad_com_png.rf.09cbb6245a200bb5bbc04bba28335670.jpg, 1, 1, 1, 0, 1, 0, 1, 0
weebly_com_png.rf.09e12fd7e5d12851f8779fd55919937d.jpg, 1, 0, 1, 0, 1, 0, 1, 1
blogs_yahoo_co_jp_png.rf.09ebed118b0c696da324081602e7746d.jpg, 1, 0, 1, 0, 1, 0, 1, 1
nba_com_png.rf.0DTAz4cld4oKyQXQIKvZ.jpg, 1, 0, 1, 0, 1, 0, 1, 1
handbrake_fr_png.rf.0FkSqTvN9MYNREOmZblx.jpg, 1, 0, 1, 1, 1, 0, 1, 1
s3-us-west-2_amazonaws_com_png.rf.0LfulZaoShlFsSHuwMN3.jpg, 1, 0, 1, 1, 1, 0, 0, 1
cloudflare_com_png.rf.0O1GnVdlQGUUXewi1cOI.jpg, 1, 0, 1, 0, 1, 0, 1, 1
asahi_com_png.rf.0R8RfCdnp18qQDCRJhGu.jpg, 1, 0, 1, 1, 1, 0, 1, 1
change_org_png.rf.0SmF3d3MtfYiNwa9xYs6.jpg, 1, 0, 1, 0, 1, 0, 1, 1
podbean_com_png.rf.0TzulxJlc7vTSIQO6Xt7.jpg, 1, 1, 1, 0, 1, 0, 1, 1
azure_microsoft_com_png.rf.0URgNwurE4ANOxZA9oRL.jpg, 1, 0, 1, 0, 1, 0, 0, 1
bom_to_png.rf.0WZ99NNOtvbZMbPjDCNa.jpg, 1, 1, 1, 1, 1, 0, 1, 1
www3_nhk_or_jp_png.rf.0a0dfb066fd649f2ffc6eb41db02100f.jpg, 1, 1, 1, 0, 1, 0, 1, 1
tensorflow_org_png.rf.0a179318972a6c0ad55ab197d25ea831.jpg, 1, 1, 1, 0, 1, 0, 1, 1
python_org_png.rf.0a20bd0c44b34c9b61d289c0afa8129f.jpg, 1, 1, 1, 0, 0, 0, 1, 1
webflow_com_png.rf.0a55b21f88e563280ef9fefa353301eb.jpg, 1, 0, 1, 0, 1, 0, 0, 1
channel9_msdn_com_png.rf.0a87839e8f8e94d0b0e1148fc8ccf13d.jpg, 1, 1, 1, 0, 1, 0, 1, 1
nofilmschool_com_png.rf.0aa5503cba2d980bd5ada83ead26122c.jpg, 1, 1, 1, 1, 1, 0, 1, 1
apple_com_png.rf.0abfe75df72c604c4657b06e19c02edc.jpg, 1, 0, 1, 0, 1, 0, 1, 1
arte_tv_png.rf.0afhwszUXQQYREWAU22N.jpg, 1, 0, 1, 0, 1, 0, 1, 1
web_archive_org_png.rf.0b0629badab183be89e6c554979cb381.jpg, 1, 1, 0, 0, 1, 0, 1, 1
statista_com_png.rf.0b254a4940cc08c1741d145bf0fb3ae4.jpg, 1, 1, 1, 0, 1, 0, 1, 1
agoda_com_png.rf.0ccd6c443bc846896330fb402702c265.jpg, 1, 1, 1, 0, 1, 0, 0, 1
gyazo_com_png.rf.0cef2b226c53fdacb48eda3f88807931.jpg, 1, 0, 1, 0, 1, 0, 1, 1
s3_amazonaws_com_png.rf.0d05be67e1c564b01aef572ce93ef809.jpg, 1, 0, 1, 1, 1, 0, 0, 1
aboutads_info_png.rf.0d4bba5b8e03cbb2e00cfa9f0f47568a.jpg, 1, 0, 1, 0, 1, 0, 1, 1
gla_ac_uk_png.rf.0d7297e806ec85104609cb412a99a0d7.jpg, 1, 1, 1, 0, 1, 0, 1, 1
tumblr_com_png.rf.0dbf324db9165bced8056585e6c2de4a.jpg, 1, 1, 1, 0, 1, 0, 1, 1
actionnetwork_org_png.rf.0e17a06f65b5812e6e1aefc752294132.jpg, 1, 1, 1, 0, 1, 0, 0, 1
zoom_us_png.rf.52b38e6c4e2d958d017090f8ff03dc68.jpg, 1, 0, 1, 0, 1, 0, 1, 1
orcid_org_png.rf.52c524e351e78f76b82d218531a515f0.jpg, 1, 1, 1, 0, 1, 1, 1, 1
access_redhat_com_png.rf.5301f46b8dc8743d8a66bbf574c2fc19.jpg, 1, 1, 1, 0, 1, 1, 1, 1
sherwin-williams_com_png.rf.53MeHurGpmrpnt2Gpb28.jpg, 1, 0, 1, 0, 1, 0, 1, 1
ga-dev-tools_appspot_com_png.rf.53b05eac43436ef3246e98311ab91886.jpg, 1, 0, 1, 0, 1, 0, 1, 1
web_ovationtix_com_png.rf.53c7cdf1e97203afa7fc3975175a226b.jpg, 1, 1, 1, 0, 1, 1, 1, 1
zeit_de_png.rf.54839dd7e05c4e964161a9a3935ee6aa.jpg, 1, 0, 1, 1, 0, 0, 1, 1
dw_com_png.rf.549fd6a75f1cd5aeab75e8a2099cfe48.jpg, 1, 1, 1, 0, 1, 0, 1, 1
plato_stanford_edu_png.rf.54CBuGXUUh9KTUKvwk9N.jpg, 1, 1, 1, 0, 1, 0, 1, 1
sketchup_google_com_png.rf.554e7df7c35fe81daaf2b6ab2d5ee0fc.jpg, 1, 0, 1, 1, 1, 0, 1, 1
lmgtfy_com_png.rf.555a197c1c23af1a4765c44c3023892d.jpg, 1, 1, 0, 0, 1, 0, 1, 1
plesk_com_png.rf.556d3456b5870412d685cbb6a2e458a5.jpg, 1, 0, 1, 0, 1, 0, 1, 1
reuters_com_png.rf.560fba4c46eb70476b5436fec0bb9ec4.jpg, 1, 0, 1, 0, 1, 0, 1, 1
pcmag_com_png.rf.562b63a561fc3c6460d5c10a1ee33ada.jpg, 1, 1, 1, 1, 1, 0, 1, 1
copyright_gov_png.rf.556ae18680751c8230eca7cc7c7202aa.jpg, 1, 1, 1, 0, 1, 0, 1, 1
elance_com_png.rf.56347148971d9e8d88fe09ecc3320bde.jpg, 0, 0, 1, 1, 0, 0, 1, 1
ebay_co_uk_png.rf.55c67bfc4d740fcdf4f661222c294c67.jpg, 1, 1, 1, 0, 1, 0, 1, 1
thriveglobal_com_png.rf.580555b6f63f7f16ca44dca98ee95be4.jpg, 1, 1, 1, 0, 1, 0, 1, 1
gallup_com_png.rf.585fe06f5a9d7d4f21e8d7c153690ac7.jpg, 1, 0, 1, 0, 1, 0, 1, 1
play_spotify_com_png.rf.59287341679eedd2e9fdacd6aca783fd.jpg, 1, 0, 1, 0, 1, 0, 1, 1
spotify_com_png.rf.564baaecae8b1a18f2610efe5062b98c.jpg, 1, 0, 1, 0, 1, 0, 1, 1
4shared_com_png.rf.56ESfdbTeqhYqGJTPaY7.jpg, 1, 1, 1, 0, 1, 1, 1, 1
play_google_com_png.rf.56aa5255f72a4f562453fb830881dc14.jpg, 1, 1, 1, 1, 1, 0, 0, 1
handbrake_fr_png.rf.572f48e70afb725c60cb6acbdd07783a.jpg, 1, 0, 1, 1, 1, 0, 1, 1
spotlight_com_png.rf.59651f8afba7dd698d0d214939d3f491.jpg, 1, 1, 1, 0, 1, 0, 1, 1
adafruit_com_png.rf.599562baa5562ad3b4e3c0b71ca6a61f.jpg, 1, 1, 0, 1, 1, 0, 1, 1
investopedia_com_png.rf.59b0e6b51d291af08607001fb51d4c3b.jpg, 1, 0, 1, 1, 1, 0, 0, 1
weibo_com_png.rf.5Aipiwn4bKgJ4xAzyK5G.jpg, 1, 1, 1, 1, 1, 0, 1, 1
support_apple_com_png.rf.5FHdwdkrKGZrnMFFXFSm.jpg, 1, 1, 1, 0, 1, 0, 0, 1
godaddy_com_png.rf.5KG30T4jAfGO2TuZeJao.jpg, 1, 1, 0, 0, 1, 0, 0, 1
businessinsider_com_png.rf.5VZdcbqkgMSYhrZW0oYK.jpg, 1, 0, 1, 0, 1, 0, 1, 1
microsoft_com_png.rf.5PyjQFEgOxgw0DJJSdJ8.jpg, 1, 0, 1, 0, 1, 0, 0, 1
onelink_to_png.rf.5ZhBdgBCZtg6SNyTnMCD.jpg, 1, 1, 0, 0, 1, 0, 1, 1
sutterhealth_org_png.rf.5a220b210d09a1006602771b7dbaf082.jpg, 1, 1, 1, 0, 1, 0, 1, 1
etymonline_com_png.rf.5aCyAcqd2d6gcxc9SK18.jpg, 1, 1, 1, 0, 1, 0, 1, 1
elpais_com_png.rf.5af51027915ac8b19dda04aa6601de4f.jpg, 1, 0, 1, 1, 1, 0, 1, 1
feedly_com_png.rf.5b80e4250d151e6faacc1c68bca086ae.jpg, 1, 0, 1, 0, 1, 0, 1, 1
freelancer_com_png.rf.5bdcff4a93843d4b32161aea63726668.jpg, 1, 0, 1, 0, 1, 0, 1, 1
zillow_com_png.rf.5bf0af2a4c29fe6fcd970a0209ff07f0.jpg, 0, 0, 1, 1, 1, 0, 0, 0
teespring_com_png.rf.5bfec507de9b642771ebc91aa84a92c9.jpg, 1, 0, 1, 0, 1, 0, 1, 1
radiokrakow_pl_png.rf.5c1b70754fa19395ccc78adfd09f83c6.jpg, 1, 1, 1, 0, 1, 0, 1, 1
dhs_gov_png.rf.5c2ccf0a860907a49079a95d7280fee0.jpg, 1, 1, 1, 0, 1, 0, 1, 1
justice_gov_png.rf.5c302e2514484df595c791a2049ce56f.jpg, 1, 1, 1, 0, 1, 0, 1, 1
jetbrains_com_png.rf.5c5279bec4b7b1e540575ddcffd47b73.jpg, 1, 0, 1, 0, 1, 0, 1, 1
bmj_com_png.rf.5c997c40534f7edb4b126b2e289b19dc.jpg, 1, 0, 1, 1, 1, 0, 1, 1
aljazeera_com_png.rf.5d4c2315fcacea073c3ea8b73211f79b.jpg, 1, 0, 1, 0, 1, 0, 1, 1
en_m_wikipedia_org_png.rf.5d9648459f6a25558c8b59ca139e8b80.jpg, 1, 1, 1, 0, 1, 1, 1, 1
huffingtonpost_ca_png.rf.5db1adc9d7b8a087a607814b9393a90e.jpg, 1, 0, 1, 1, 1, 0, 1, 0
prtimes_jp_png.rf.5dcf55d7eb01c8144bfe125730c4c7d2.jpg, 1, 1, 1, 0, 1, 0, 1, 1
prweb_com_png.rf.5e5f19b6ab86f3f016cc2c3b6f1fc3c9.jpg, 1, 1, 1, 1, 1, 0, 1, 1
dictionary_reference_com_png.rf.5ea2226bf3d832fcf6c39dd6efb99874.jpg, 1, 1, 1, 1, 1, 0, 1, 1
udacity_com_png.rf.5ea68076b5b6c3d946cfef51e8e7722e.jpg, 1, 0, 1, 0, 1, 0, 1, 1
clker_com_png.rf.5f14d1afe38d7d9a69ddeea9e7e68c69.jpg, 1, 1, 1, 0, 1, 0, 1, 0
oreilly_com_png.rf.5cEqUWhsiJUudYt9u291.jpg, 1, 0, 1, 0, 1, 0, 1, 1
line_me_png.rf.5f22f6ea6af0445ccfc3324d7c5538f5.jpg, 1, 0, 1, 0, 1, 0, 1, 1
core_telegram_org_png.rf.5f361c5599436978e55589c654d2311a.jpg, 1, 0, 1, 0, 1, 0, 1, 1
foodnetwork_com_png.rf.5faeb000a6eb5d384969a7cc4b189f33.jpg, 1, 1, 1, 1, 1, 0, 1, 1
usatoday_com_png.rf.5fc5a4edca3190ee434f2f9b67af9a05.jpg, 1, 0, 0, 0, 1, 0, 0, 1
livestream_com_png.rf.5ff62b2639beae90844b57bf61428a12.jpg, 1, 0, 1, 0, 1, 0, 1, 1
ccpgames_com_png.rf.5fd8f69178ab44b1e587fc335d949306.jpg, 1, 0, 1, 0, 1, 0, 1, 1
g1_globo_com_png.rf.5v1XvJCDQSy1Fp5WoKRl.jpg, 1, 0, 1, 1, 1, 0, 1, 1
scmp_com_png.rf.60021591cb4ed44ba2ef3b7b1e41ecc1.jpg, 1, 0, 0, 1, 1, 0, 0, 1
theconversation_com_png.rf.605e526219c8a33e48a3653889b14d52.jpg, 1, 1, 1, 0, 1, 0, 1, 1
airtable_com_png.rf.60a9482b2cd3715d81047025dc4d2dc7.jpg, 1, 1, 1, 0, 1, 0, 0, 1
samhsa_gov_png.rf.60dede859d5af5bbfe49191d68358bc7.jpg, 1, 1, 1, 0, 1, 0, 0, 1
engadget_com_png.rf.60f86f7d7eb0e2d77a65760f1055d0b9.jpg, 1, 0, 1, 1, 1, 0, 0, 1
gettyimages_com_png.rf.610b56ac29ebef63a49866d68d5d0101.jpg, 1, 1, 1, 0, 1, 0, 1, 1
siteground_com_png.rf.61383d2c49cc02e79c53435b471b4093.jpg, 1, 0, 1, 0, 1, 0, 0, 1
law_cornell_edu_png.rf.617b9a9b1594aba80870478d066d716c.jpg, 1, 1, 1, 1, 1, 0, 1, 1
slack_com_png.rf.61876e867f0719e4dcdbc7e99b49730e.jpg, 1, 0, 1, 1, 1, 0, 0, 1
bandcamp_com_png.rf.61ca5e077b1b92d2f288c188da9b0d4a.jpg, 1, 1, 1, 0, 1, 0, 1, 1
theatlantic_com_png.rf.61cfec2e9cf4b39498af74fc8d4848a4.jpg, 1, 0, 1, 0, 1, 0, 1, 1
es_wikipedia_org_png.rf.6284672f1c4d86bd315aec99be9a4e96.jpg, 1, 1, 1, 0, 1, 0, 1, 1
tinyurl_com_png.rf.62952810f39125068510e8ce229f0225.jpg, 0, 1, 1, 1, 0, 0, 1, 1
nimb_ws_png.rf.630aaee2c277ae2272463ab384b9bfed.jpg, 0, 1, 0, 0, 1, 0, 1, 1
denverpost_com_png.rf.62b40cbfdc1ac0f8ec27c6f53ef6de3c.jpg, 1, 0, 1, 1, 1, 0, 1, 1
bleacherreport_com_png.rf.631d0acd74c1a90b9b67bef36ced659e.jpg, 1, 0, 1, 0, 1, 0, 1, 1
oreilly_com_png.rf.634d878b890c352c1d279654d3faf994.jpg, 1, 0, 1, 0, 1, 0, 1, 1
timeout_com_png.rf.635b5f30c788c702095f8c085f408a00.jpg, 1, 0, 1, 1, 1, 0, 1, 1
express_co_uk_png.rf.63b3b2d2ad77a593f02b28ead7a947e8.jpg, 1, 0, 1, 1, 1, 0, 1, 1
patagonia_com_png.rf.63gmvEd9ChgOyBHEJVvj.jpg, 1, 0, 1, 0, 1, 0, 0, 1
tesla_com_png.rf.64404262990a11e83a6a947209225f95.jpg, 1, 0, 1, 0, 1, 0, 0, 0
fedex_com_png.rf.64afcbd25c6f99b19b59cd67a4969661.jpg, 1, 0, 1, 0, 1, 0, 1, 1
pcworld_com_png.rf.64bd9c6423a246dea381cde3f589c341.jpg, 1, 1, 1, 0, 1, 0, 1, 1
linktr_ee_png.rf.64f5f3db8c3ad920e35e46c420584b00.jpg, 1, 0, 0, 1, 1, 0, 0, 1
bonanza_com_png.rf.65169710324150871f1fc14c3508d95e.jpg, 1, 1, 1, 0, 1, 0, 0, 1
developers_google_com_png.rf.653a7b02e5931b42961fdb45fdb7fa35.jpg, 1, 1, 1, 0, 1, 0, 1, 1
bls_gov_png.rf.65db29f065a86374c0417868392c22d0.jpg, 1, 1, 1, 0, 1, 0, 1, 1
wp_me_png.rf.661df1bd978e193a2b10638b44d4569b.jpg, 1, 0, 1, 0, 1, 0, 0, 1
news_com_au_png.rf.662039bebcc86f7b7c9b321436c8e519.jpg, 1, 1, 1, 0, 1, 0, 1, 1
backblaze_com_png.rf.663f80a6e3d630603426ee8b5b0d304c.jpg, 1, 0, 1, 0, 1, 0, 0, 1
workingdog_com_png.rf.66806371846052e33327e8f61d83eebf.jpg, 1, 0, 0, 1, 1, 0, 1, 0
credit_mosgorcredit_ru_png.rf.66d803ef0dacaf758cfe2c02d80a00bf.jpg, 1, 1, 0, 0, 1, 0, 1, 1
kaggle_com_png.rf.67402cb84d109c135d44a3754d421834.jpg, 1, 0, 1, 0, 1, 0, 0, 1
amzn_to_png.rf.674cff386fb134a33771f6ec87664d8b.jpg, 1, 1, 1, 1, 1, 0, 1, 1
nber_org_png.rf.6780a64d42aeaa7b19c4e3d22625d972.jpg, 0, 1, 1, 0, 1, 0, 1, 1
care2_com_png.rf.67dcb3b58f8635af8fa615e540c70b3c.jpg, 1, 1, 0, 0, 1, 1, 1, 1
realtor_com_png.rf.681960bb0b428e8647fe8961a08a366a.jpg, 1, 1, 1, 1, 1, 0, 1, 1
mckinsey_com_png.rf.684754aaf6fc1c90833e911f62688525.jpg, 1, 0, 1, 0, 1, 0, 1, 1
ietf_org_png.rf.686ac1dae036a5bd8f526c8d30c095ad.jpg, 1, 0, 1, 0, 1, 0, 1, 1
j_mp_png.rf.68eac272c5131f948569671e80d471df.jpg, 1, 1, 1, 0, 1, 0, 1, 1
smarturl_it_png.rf.68f4730da624fb871b27e15706e1e81b.jpg, 1, 1, 1, 0, 1, 1, 1, 1
wowhead_com_png.rf.690130c2acdcacff61c781a6f5f9b046.jpg, 1, 1, 0, 1, 1, 0, 1, 1
mixi_jp_png.rf.697129efc0a13c9a2a8861521b99d578.jpg, 1, 1, 1, 1, 1, 1, 1, 1
amazon_com_au_png.rf.69ce311004b132ee3ac8f89dc4e1deca.jpg, 1, 1, 1, 1, 1, 0, 1, 1
collegehumor_com_png.rf.69d5b044db2056999709fd09cd7bff71.jpg, 1, 1, 1, 0, 1, 0, 1, 1
marketwatch_com_png.rf.69e11bbd02bf74ca0c9ec1ac4918ad03.jpg, 1, 1, 1, 1, 1, 1, 1, 1
dummies_com_png.rf.69f11e6227f59bbf4ed561973ef254c0.jpg, 1, 1, 1, 0, 1, 0, 0, 1
wow_link_png.rf.69qwPZw2DTdQW8K5bwnf.jpg, 1, 1, 1, 0, 0, 0, 1, 1
calendar_google_com_png.rf.6KjEa8T5655jOfBhpaVi.jpg, 1, 1, 1, 0, 1, 0, 1, 1
checkpoint_com_png.rf.6KpdXDoFzXICqM4AHx1h.jpg, 1, 0, 1, 0, 1, 0, 1, 1
discord_me_png.rf.6LBSVSHQzP6VfdXc8ptB.jpg, 1, 1, 1, 1, 1, 0, 1, 1
link_springer_com_png.rf.6Us8AHZrV3aH1H7iZ754.jpg, 1, 1, 1, 0, 1, 0, 1, 1
boardgamegeek_com_png.rf.6a639f31e20e6d5d2e77281ede18e230.jpg, 1, 1, 1, 1, 1, 0, 1, 1
dx_doi_org_png.rf.6a04f2aa7647a4bcecc08e93b25b90a3.jpg, 1, 1, 1, 0, 1, 0, 1, 1
patagonia_com_png.rf.6ac0ad3700d58a83083a4a7320da2976.jpg, 1, 0, 1, 0, 1, 0, 0, 1
nsf_gov_png.rf.6b3e49a3d2a1775924271ac54e729995.jpg, 1, 1, 1, 0, 1, 0, 1, 1
dashlane_com_png.rf.6b4cd3e6be1e04be14d2eaba98833c11.jpg, 1, 0, 1, 0, 1, 0, 1, 1
vogue_com_png.rf.6b8b56b033b4185b72cea09d7e853a24.jpg, 1, 0, 1, 1, 1, 0, 1, 1
nicovideo_jp_png.rf.6bgKpcGcMUEZYrXOSPQs.jpg, 1, 1, 1, 1, 1, 0, 1, 1
firebase_com_png.rf.6c2500d51d4552239de0cd3ba3e3a700.jpg, 1, 1, 1, 0, 1, 0, 1, 1
vk_me_png.rf.6ccc6412fe5202eceda56da0a09b4b3b.jpg, 1, 0, 0, 0, 1, 0, 0, 1
amzn_com_png.rf.6ce5ab3f65cc93037af32c1f140c9562.jpg, 1, 1, 1, 1, 1, 0, 1, 1
wikipedia_org_png.rf.6d4b4f134baa1a31ee3f5bfe63cf06dd.jpg, 1, 1, 1, 0, 1, 1, 1, 1
amazon_co_jp_png.rf.6d67075d5ff164970352ae8637a12185.jpg, 1, 1, 1, 1, 1, 0, 1, 1
thenextweb_com_png.rf.6de4d9e4a97decd6c3aa26f8eb7b3a5a.jpg, 1, 0, 1, 1, 1, 0, 1, 1
news_stanford_edu_png.rf.6e2b69dfc86ad07f4b6c40040faeee58.jpg, 1, 1, 1, 0, 1, 0, 1, 1
nest_com_png.rf.6e447ec1004242e2814f4e22d5145c5c.jpg, 1, 0, 1, 0, 1, 0, 1, 1
hotpepper_jp_png.rf.6e766295b5b2fc5d7d8b08f5a3687582.jpg, 1, 0, 1, 0, 1, 0, 1, 1
git-scm_com_png.rf.6ec7787209dd65d521609657121d3114.jpg, 1, 1, 1, 0, 1, 0, 1, 1
chromium_org_png.rf.6ee5194e800992dc21107f64e4001a3c.jpg, 1, 1, 1, 0, 1, 0, 1, 1
microsoft_com_png.rf.6efa8a34164e3916fc16a3526c8b1be7.jpg, 1, 0, 1, 0, 1, 0, 0, 1
ebay_de_png.rf.6f16155200a888f57e3828316dfa11f3.jpg, 1, 1, 1, 0, 1, 0, 1, 1
download_microsoft_com_png.rf.6fd48b82323c98b220130adfad9477b6.jpg, 1, 0, 1, 0, 1, 0, 0, 1
cnn_com_png.rf.6ff854b9134406830a4c9e5b2957c152.jpg, 1, 0, 1, 1, 1, 0, 0, 1
feedburner_google_com_png.rf.6kozMoE7exBQUTIdfnK4.jpg, 1, 1, 1, 0, 1, 0, 1, 1
dx_doi_org_png.rf.6mg066RqrJp8nOS1JWp9.jpg, 1, 1, 1, 0, 1, 0, 1, 1
salesforce_com_png.rf.6v2YXDj0wQBoj9hUQkjw.jpg, 1, 0, 1, 1, 1, 0, 0, 1
siteground_com_png.rf.6xauaS0riRXpk9btJ2KZ.jpg, 1, 0, 1, 0, 1, 0, 0, 1
prnt_sc_png.rf.6xx6QEN4PUnDP398jMeu.jpg, 1, 0, 1, 1, 1, 0, 1, 1
citeseerx_ist_psu_edu_png.rf.705fb360402962931488a99c5439b8ae.jpg, 1, 1, 1, 0, 1, 0, 1, 1
washingtoncitypaper_com_png.rf.70e4812978eff20c2a59a26fb17c8e65.jpg, 1, 0, 1, 0, 1, 0, 0, 1
ucl_ac_uk_png.rf.70pl0FVlpIFH7zksQaIJ.jpg, 1, 1, 1, 0, 1, 0, 1, 1
lefigaro_fr_png.rf.7153275b7f015938e588babe3291ef42.jpg, 1, 0, 1, 0, 1, 0, 1, 1
bloglovin_com_png.rf.715fb94220840aa31a4a1e9ad8b214d0.jpg, 1, 1, 0, 0, 1, 0, 1, 1
eventbrite_com_png.rf.7178f8b44a2c08ae4693697eb2a32c44.jpg, 1, 1, 1, 0, 1, 0, 1, 1
bangordailynews_com_png.rf.71a2026d028805acb494f816f0d77c2f.jpg, 1, 0, 1, 1, 1, 0, 1, 1
zazzle_com_png.rf.71ab29df4c93237bd18e2697e30e58ba.jpg, 0, 0, 1, 1, 0, 0, 1, 1
smile_amazon_com_png.rf.7207b9a49d49931b4d4b17fb1323fef0.jpg, 1, 1, 1, 0, 1, 1, 1, 1
cambridge_org_png.rf.721055341c2e6717231839b38269cae3.jpg, 1, 1, 1, 0, 1, 0, 0, 0
pitchfork_com_png.rf.728f8c5b02a65c321eba2baa1bd0fbe6.jpg, 1, 0, 1, 1, 1, 0, 1, 1
meta_wikimedia_org_png.rf.72c6360670aa247e7e5b049ddda5a742.jpg, 1, 1, 1, 0, 1, 0, 1, 1
hp_com_png.rf.7317a374039e4c305d2de07b5adc0c4d.jpg, 1, 0, 1, 0, 1, 0, 1, 1
hackernoon_com_png.rf.731cf0bc17e5122db4fd3b5d347e7ff4.jpg, 1, 0, 1, 0, 1, 0, 1, 1
developer_mozilla_org_png.rf.735e662bb84cd8c6bce09416f2b544d9.jpg, 1, 1, 1, 0, 1, 0, 1, 1
notion_so_png.rf.73ac16cbb99083283e4ff90e57a80089.jpg, 1, 1, 1, 0, 1, 0, 0, 1
tools_google_com_png.rf.73hf0tEEAzVSOWuSnogF.jpg, 1, 0, 1, 0, 1, 0, 1, 1
flipkart_com_png.rf.745f4f8da3bc95facd932112e9ddec31.jpg, 1, 1, 0, 0, 1, 0, 1, 1
adage_com_png.rf.748973b7041fb942575ed5a35b49fdcb.jpg, 1, 0, 1, 1, 1, 0, 1, 1
starwars_com_png.rf.7489e67a2e8adaa715779998d53384f5.jpg, 1, 1, 1, 0, 1, 0, 0, 1
thefreedictionary_com_png.rf.74b34098b3e485d25c792c07006c299b.jpg, 1, 1, 1, 1, 1, 1, 1, 1
nicovideo_jp_png.rf.74b85347e9d01db6c6143c9047f9825f.jpg, 1, 1, 1, 1, 1, 0, 1, 1
gnu_org_png.rf.74ff81e5966cebb131290d2818700088.jpg, 1, 1, 1, 0, 1, 0, 1, 1
help_github_com_png.rf.7511657c430533d482fff57832fec5a6.jpg, 1, 1, 1, 0, 1, 0, 0, 1
buzzfeed_com_png.rf.764f3c0e9742ab7f18bc3229af22b60f.jpg, 1, 0, 1, 0, 1, 0, 1, 1
monosnap_com_png.rf.76906cd594551c14ed28acb3b377e2a7.jpg, 1, 0, 0, 0, 1, 0, 0, 1
cs_toronto_edu_png.rf.76a5115ff9d3049fe4002c195f767f75.jpg, 1, 0, 1, 0, 1, 0, 1, 1
hubpages_com_png.rf.770ed01b988ac8386874d56e8819916c.jpg, 1, 0, 1, 0, 1, 0, 1, 1
canada_ca_png.rf.7792b39baba3f2e47a046cf9faaadf0a.jpg, 1, 0, 0, 0, 1, 0, 1, 0
money_yandex_ru_png.rf.77cfd453d8f9e8cac66e767b25dab951.jpg, 1, 0, 1, 0, 1, 0, 1, 1
golang_org_png.rf.786b12c194d614507fd534b422941013.jpg, 1, 1, 1, 1, 1, 0, 0, 1
nasa_gov_png.rf.77a5cccfecf34fdd1b07ce0a89f4fc7c.jpg, 1, 1, 1, 0, 1, 0, 1, 1
travelandleisure_com_png.rf.7875a11bff22552b22507788f4e54bdd.jpg, 1, 0, 1, 1, 1, 0, 1, 1
bits_blogs_nytimes_com_png.rf.7878f849e4bfe5c2c34d746791e0504c.jpg, 1, 0, 1, 1, 1, 0, 1, 1
m-78_jp_png.rf.788335d91b1e1f1c3e9823161fed309d.jpg, 1, 1, 1, 0, 1, 0, 0, 1
issuu_com_png.rf.78e3430ec57bf1f0627db6fb3193af0f.jpg, 1, 1, 1, 0, 1, 0, 1, 1
igg_me_png.rf.78ffb0f535a4ccfa9dc71eb3a086acb9.jpg, 1, 0, 0, 0, 1, 0, 1, 1
apsense_com_png.rf.79720c6b6826b5468a8f0ac47c1d8809.jpg, 1, 1, 1, 1, 1, 0, 1, 1
evenea_pl_png.rf.7A5aTSbz1ZnFPh0jz8Zh.jpg, 1, 1, 1, 1, 1, 1, 1, 1
cdc_gov_png.rf.7QRXw3aubxkGxondBOjD.jpg, 1, 0, 0, 0, 1, 0, 1, 1
patheos_com_png.rf.7Z0A4C5JbkJ00OxQtcx4.jpg, 1, 0, 0, 0, 1, 0, 1, 1
sciencedirect_com_png.rf.7a1bQrJZnC5E2kiQQMQ3.jpg, 1, 1, 1, 1, 1, 0, 0, 1
boeing_com_png.rf.7a5005fceac4341b0e02ec43a8e57503.jpg, 1, 1, 1, 0, 1, 0, 1, 1
maps_googleapis_com_png.rf.7a66c10e0ce9c2f148ffcdcb5feb0801.jpg, 1, 1, 1, 0, 1, 0, 1, 1
doodle_com_png.rf.7a780d7fab4786a1e7e9e8da5133b2c3.jpg, 1, 0, 1, 0, 1, 0, 0, 1
patheos_com_png.rf.7a9a5ffb3d5d6a06aa0ee66c22ed3fa0.jpg, 1, 0, 0, 0, 1, 0, 1, 1
blogtalkradio_com_png.rf.7aec2aa0b073fa3dfe9cbb3dce4b1350.jpg, 1, 1, 1, 0, 1, 0, 1, 1
doi_org_png.rf.7b14c9b2880c46c085ae04140efeceec.jpg, 1, 1, 1, 0, 1, 0, 1, 1
devpost_com_png.rf.7b3b0a6071afbcadc34bc672147170fa.jpg, 1, 0, 1, 0, 1, 0, 1, 1
google_org_png.rf.7bf506e74fca7af00cb4ffdbd7f83c09.jpg, 1, 0, 1, 0, 1, 0, 1, 1
yellowpages_com_png.rf.7bf9c41bae2f6916dc7c483c2e9c3600.jpg, 1, 1, 1, 0, 1, 0, 0, 1
loc_gov_png.rf.7c1bca1a872443c0f3ac44256f702435.jpg, 1, 1, 1, 0, 1, 0, 1, 1
peatix_com_png.rf.7d4a016ae57044fd5e0332a3a842ee5b.jpg, 1, 1, 1, 0, 1, 0, 0, 1
4shared_com_png.rf.7da0b596a12c1c1885dbdbc808d9c846.jpg, 1, 1, 1, 0, 1, 1, 1, 1
ads_google_com_png.rf.7dced866d51eff386d9ff4af60f4e9df.jpg, 1, 0, 1, 0, 1, 0, 1, 1
www8_hp_com_png.rf.7dec70c09b500b91aa629dcb0624a170.jpg, 1, 0, 1, 0, 1, 0, 1, 1
tweakers_net_png.rf.7ec0d32a9fef8adc284caadca4459cf2.jpg, 1, 1, 1, 1, 1, 0, 1, 1
lynda_com_png.rf.7f49b823ca7cf141fcb9c2357ed9cada.jpg, 1, 1, 1, 0, 1, 0, 1, 1
mix_com_png.rf.7f4b276ab8eb840773dabdeaa18d6096.jpg, 1, 0, 0, 0, 1, 0, 1, 1
amazon_co_uk_png.rf.7fca1de7688ea39e76e2a0e125daef48.jpg, 1, 1, 1, 1, 1, 0, 1, 1
oasis-open_org_png.rf.7lcDBoGivR78fttNdpWi.jpg, 1, 1, 1, 0, 1, 1, 1, 1
trends_google_com_png.rf.7m1Qa5zt6klBF3Ev3abg.jpg, 1, 1, 1, 0, 1, 0, 0, 1
developers_google_com_png.rf.7pEDz2lF6Ryq88IREM3u.jpg, 1, 1, 1, 0, 1, 0, 1, 1
blurb_com_png.rf.802e5179e0af81f2a8cc3a03bfb7848a.jpg, 1, 1, 1, 0, 1, 0, 1, 1
cafe_daum_net_png.rf.8155959c88ec0f66cff76bc0e40e6646.jpg, 1, 0, 1, 0, 1, 0, 1, 1
biblegateway_com_png.rf.81d254045a7c08e2b300a72dc795fdd0.jpg, 1, 1, 1, 1, 1, 0, 1, 1
oracle_com_png.rf.820783638717919f88f2eab4991cfa37.jpg, 1, 1, 1, 0, 0, 0, 1, 1
prntscr_com_png.rf.82325b2048677ad27f1ff82e216eecfe.jpg, 1, 0, 1, 1, 1, 0, 1, 1
geekwire_com_png.rf.83a63a373e0a8463f6ecf2a49a07a41f.jpg, 1, 1, 0, 1, 1, 0, 1, 1
digitalocean_com_png.rf.84171ba53b4e3292521f4fbd6af6ed6e.jpg, 1, 1, 1, 0, 1, 0, 1, 1
hrc_org_png.rf.8424008d3326f8ba6d3a0cad5b8b167e.jpg, 1, 0, 1, 1, 0, 0, 0, 1
sap_com_png.rf.845a5feaab6f64d50649e284639f58f3.jpg, 1, 0, 1, 0, 1, 0, 1, 1
openoffice_org_png.rf.84f945023016afd2a0b6ff8120e6a8f8.jpg, 1, 1, 1, 0, 1, 0, 1, 1
greenpeace_org_png.rf.858d0eaa2ceb8491ae81d4ed183ec0b7.jpg, 1, 1, 1, 0, 1, 1, 1, 0
economist_com_png.rf.85c71701b1e3b8a9d2b97ae911ca435d.jpg, 1, 0, 1, 1, 1, 0, 1, 1
yle_fi_png.rf.86230f9d6a08fba1e14ae2e839b0577e.jpg, 1, 1, 1, 0, 1, 1, 1, 1
apple_co_png.rf.86784d4fa68eb03bae312947e8f7dc99.jpg, 1, 0, 1, 0, 1, 0, 1, 1
pixiv_net_png.rf.8693f9fe980ffdcc5d85976f498ed286.jpg, 1, 1, 0, 0, 1, 0, 1, 1
business_facebook_com_png.rf.86c9d9d792370ea67a31c0caaf223a13.jpg, 1, 0, 0, 0, 1, 0, 0, 1
microformats_org_png.rf.87213ad1f71f3f6109164ffc31f0373b.jpg, 1, 0, 1, 0, 1, 0, 1, 1
squidoo_com_png.rf.8724412e072e5ac128d8e4230ffd990a.jpg, 1, 0, 1, 0, 1, 0, 1, 1
buzzsprout_com_png.rf.874b33fad4fb6e9cc7db1b3ca3fc3e1a.jpg, 1, 0, 1, 1, 1, 0, 0, 1
glassdoor_com_png.rf.87Q5fq2CgXdnqm7Vc61V.jpg, 1, 1, 1, 1, 1, 0, 1, 1
blockchain_info_png.rf.87b87d06cfa9dc16e24763ae4ead82a9.jpg, 1, 1, 0, 1, 1, 0, 0, 1
duckduckgo_com_png.rf.87ba83b8d3a6c7eb1589546eab1e875f.jpg, 1, 1, 1, 0, 1, 0, 0, 1
music_apple_com_png.rf.883ce675265519507feab6410a9798e2.jpg, 1, 1, 1, 0, 1, 0, 1, 1
analytics_blogspot_com_png.rf.898b8bb25f49238f683c0e2b1c1713bf.jpg, 1, 1, 1, 0, 1, 0, 1, 1
ticketmaster_com_png.rf.89d481d951b6acfb4e08fb5485cb1c6a.jpg, 1, 1, 1, 1, 1, 0, 1, 1
trends_google_com_png.rf.89dcf3939a0f3a4283fb5df0bc386e0e.jpg, 1, 1, 1, 0, 1, 0, 0, 1
blog_sina_com_cn_png.rf.89fc2cf1b5930ce4956d7463e18f8c11.jpg, 1, 1, 1, 0, 1, 0, 1, 1
thrillist_com_png.rf.8AXo7KJqfxKHMMk9dsXg.jpg, 1, 0, 1, 1, 1, 0, 0, 1
myaccount_google_com_png.rf.8DfPFj7YAmVTezEILWtX.jpg, 1, 0, 0, 0, 1, 0, 1, 1
capterra_com_png.rf.8F8rQS6uSssFz3pWvNlm.jpg, 1, 1, 1, 1, 1, 0, 0, 1
secure_gravatar_com_png.rf.8HhVTamuGrTjmK60mxqk.jpg, 1, 1, 1, 0, 1, 0, 1, 1
skype_com_png.rf.8UidWHJYOrjmzB66n51v.jpg, 1, 0, 1, 0, 1, 0, 1, 1
youtube_googleblog_com_png.rf.8VAf1CAMYMXZ6RXXQsHZ.jpg, 1, 1, 1, 1, 1, 0, 1, 1
archive_org_png.rf.8Zjj9Yi2oBBBH35WDbcs.jpg, 1, 1, 1, 0, 1, 0, 1, 1
news_mit_edu_png.rf.8a1eba6186cdb0f3d86e9fe65ca0d2ca.jpg, 1, 1, 1, 0, 1, 0, 1, 1
blogs_wsj_com_png.rf.8a6ce8a48e7684c819ead460c0959929.jpg, 1, 0, 1, 1, 1, 0, 1, 1
vogue_in_png.rf.8aHw6yXsK1l9SPqsgTQ0.jpg, 1, 0, 1, 0, 1, 0, 1, 1
lse_ac_uk_png.rf.8b1f01674819afcb50ef72a4df7eb5d6.jpg, 1, 0, 1, 0, 1, 0, 0, 1
ubuntu_com_png.rf.8b442c5d9fee3828260586d932f94f50.jpg, 1, 1, 1, 0, 1, 0, 0, 1
t-mobile_com_png.rf.8b4cbae080c05ea8e2ca35a998adcc00.jpg, 1, 0, 1, 0, 1, 0, 1, 1
snip_ly_png.rf.8bc2fa79bacd0d2a6d258b489e5a3b56.jpg, 1, 0, 1, 1, 1, 0, 0, 1
shopee_tw_png.rf.8be7fc5ee693237cfe34d7ac8dfbc529.jpg, 1, 1, 0, 0, 1, 0, 1, 1
sciencealert_com_png.rf.8cce212a1b0d777308dc4264a7082bf6.jpg, 1, 0, 0, 0, 1, 0, 1, 1
amzn_eu_png.rf.8cd374c73019e3f29c0a806a2bea5889.jpg, 1, 1, 1, 0, 1, 0, 1, 1
list_ly_png.rf.8d914e748e6d34695d9dcd8d1b4f249b.jpg, 1, 1, 1, 0, 1, 0, 1, 1
aka_ms_png.rf.8e0bfbf8e04642c2d5d2e0882fc16785.jpg, 1, 1, 0, 0, 1, 0, 1, 1
apps_apple_com_png.rf.8eFASMqP5j9vkeQXjFVo.jpg, 1, 0, 1, 0, 1, 0, 1, 1
sas_com_png.rf.8f4161c7495890f4b8451551cebae26e.jpg, 1, 0, 1, 0, 1, 0, 0, 1
istockphoto_com_png.rf.8eTKqnK7EjEWSkDxMYcP.jpg, 1, 1, 1, 0, 1, 0, 1, 1
box_net_png.rf.8f447006626ea20493aa573cf444e2a9.jpg, 1, 0, 1, 0, 1, 0, 1, 1
doctorswithoutborders_org_png.rf.8f46ea6ba84a8174b05c3869e9a2ec7f.jpg, 1, 0, 1, 1, 1, 0, 0, 1
phabricator_wikimedia_org_png.rf.8f5ba39d5d162c21e138cf3e64a59a34.jpg, 1, 0, 1, 0, 1, 0, 1, 1
addthis_com_png.rf.8f6714a365fe861e3eb6c5f8212a5778.jpg, 1, 0, 1, 0, 1, 0, 0, 1
csrc_nist_gov_png.rf.8fb7a66f27fb38a0307e76c5cdec8b7e.jpg, 1, 1, 1, 0, 1, 0, 1, 1
cloudways_com_png.rf.8jBOis98NEqjoyFYkiq4.jpg, 1, 0, 1, 0, 1, 0, 0, 1
thingiverse_com_png.rf.8mGyzWNeYijHh5VtDLU4.jpg, 1, 1, 0, 1, 1, 0, 1, 1
sciencemag_org_png.rf.8pjaqKAwRk0rO4d1C9Ed.jpg, 1, 0, 1, 1, 1, 0, 1, 1
gmpg_org_png.rf.8whewgzSnUg1wXz9slgT.jpg, 0, 0, 1, 0, 0, 0, 1, 1
usatoday_com_png.rf.8ycz6notVqMa12du9s4B.jpg, 1, 0, 0, 0, 1, 0, 0, 1
medium_com_png.rf.901371583632197c6db4403565e7feb5.jpg, 1, 0, 1, 0, 1, 0, 0, 1
ello_co_png.rf.901772d3e922349f117ab3b3d55e1fe5.jpg, 1, 1, 1, 1, 1, 0, 0, 1
nodejs_org_png.rf.90c5dad948d3f74f72bb5091d98150ae.jpg, 1, 0, 1, 0, 1, 0, 1, 1
wiki_ubuntu_com_png.rf.90984642b73b7bb754ad5e1cac54eea2.jpg, 0, 1, 1, 0, 1, 0, 1, 1
hangouts_google_com_png.rf.911d9391b4f4d7652b355194d3d587e1.jpg, 1, 0, 0, 0, 1, 0, 0, 1
optinmonster_com_png.rf.9129a4eb8d7361ec6e01b05994e78c21.jpg, 1, 0, 1, 1, 1, 0, 1, 1
bezspravki_mosgorcredit_ru_png.rf.91c9d0b8e7035f7bd9a7f5e9c66a7b4a.jpg, 1, 1, 0, 0, 1, 0, 1, 1
steemit_com_png.rf.91ced0c6d1e92a3a36d75e81f33b9d86.jpg, 1, 1, 1, 0, 1, 0, 1, 1
penguinrandomhouse_com_png.rf.921bc9746d1acb23f3cb9160cd439045.jpg, 1, 1, 1, 0, 1, 0, 0, 1
stltoday_com_png.rf.924a95daee21501b720bc42a63192ea5.jpg, 1, 0, 1, 1, 1, 0, 1, 1
payhip_com_png.rf.92f1b93b6d888613f6313db161202e90.jpg, 1, 1, 1, 0, 1, 0, 0, 1
cloudways_com_png.rf.93a52ca0e2429d1b13495b3766f48d70.jpg, 1, 0, 1, 0, 1, 0, 0, 1
earth_google_com_png.rf.93b8ba592d8f6306efb205682b7cfe93.jpg, 1, 0, 0, 0, 1, 0, 1, 1
messenger_com_png.rf.93bfd22b1aecd766f998c1665ffc4a5c.jpg, 1, 1, 1, 0, 1, 1, 1, 1
vedomosti_ru_png.rf.93d5d3fefbd9d1deae9b1a8139beba18.jpg, 1, 0, 1, 1, 1, 0, 1, 1
transparencyreport_google_com_png.rf.942eb2d2f87884187e9f8e1ddd68b67a.jpg, 1, 0, 1, 0, 1, 0, 0, 1
newyorker_com_png.rf.94cdbb4ab133884eb745775d82acaf20.jpg, 1, 0, 1, 1, 1, 0, 1, 1
ustream_tv_png.rf.954cfa438be58edee5dd69592c36726a.jpg, 1, 0, 1, 0, 1, 0, 0, 1
i_imgur_com_png.rf.955ccbe24eeaefd42ee37dbd5e464cb4.jpg, 1, 1, 0, 0, 1, 0, 1, 1
pcmag_com_png.rf.95WQyqyY475XVrpNHX6h.jpg, 1, 1, 1, 1, 1, 0, 1, 1
producthunt_com_png.rf.95e2b521ac7868a7467ece5765c07c27.jpg, 1, 1, 1, 0, 1, 0, 1, 1
discordapp_com_png.rf.95f0fd95e9b1c4cfb8f431b0833dacc6.jpg, 1, 0, 1, 0, 1, 0, 0, 1
godaddy_com_png.rf.9635cd8d04a025a8a7331f3e1951752f.jpg, 1, 1, 0, 0, 1, 0, 0, 1
developer_apple_com_png.rf.9648ae0c22ab66303fcd99ce434760a5.jpg, 1, 1, 1, 0, 1, 0, 1, 1
youcaring_com_png.rf.9657ad98153f9ce528b958a6dd1807c6.jpg, 1, 0, 1, 0, 1, 0, 1, 1
allaboutcookies_org_png.rf.965824931d44af3c7bdedd4dae4e7281.jpg, 1, 0, 1, 1, 1, 0, 1, 1
adage_com_png.rf.96B0vquBoZGTBPCfz7yH.jpg, 1, 0, 1, 1, 1, 0, 1, 1
drupal_org_png.rf.96da850af36472087065f86442c92fd9.jpg, 0, 0, 1, 1, 1, 0, 1, 1
jquery_com_png.rf.971f66879551cc2f4ea4cb63f2a6f3cf.jpg, 1, 1, 1, 0, 1, 0, 1, 1
arduino_cc_png.rf.97b3e80f6c53cccfdd644a458fc7e676.jpg, 1, 0, 1, 0, 1, 0, 0, 1
hubs_ly_png.rf.98763422d0db7fe5126ac375327c2de5.jpg, 1, 1, 1, 1, 1, 0, 1, 1
socialmediaexaminer_com_png.rf.98a6b8dd57c891720b9de79e0d52eb8f.jpg, 1, 1, 1, 0, 1, 0, 0, 1
docker_com_png.rf.98c7251acd5ba530a2d6658587ff7a97.jpg, 1, 0, 1, 0, 1, 0, 1, 1
snag_gy_png.rf.98cb2ef6fe49359de941d95631b3c712.jpg, 1, 0, 1, 0, 0, 0, 0, 1
scribd_com_png.rf.995cbb276075b4ff4137d73ef853bbe9.jpg, 1, 0, 1, 0, 1, 0, 1, 1
healthline_com_png.rf.99bfc244f8eafd033a73394c60c9f334.jpg, 1, 1, 1, 0, 1, 0, 1, 1
ibm_com_png.rf.99c916ba6afad18374e567645d765fd9.jpg, 1, 1, 1, 0, 1, 0, 1, 1
blurb_com_png.rf.9AHFdafvsz4ir32A9SjD.jpg, 1, 1, 1, 0, 1, 0, 1, 1
foodnetwork_com_png.rf.9Balq5Ajsm3kcfx23ADJ.jpg, 1, 1, 1, 1, 1, 0, 1, 1
elance_com_png.rf.9HzIJOLOdcgVBBYq1qaT.jpg, 0, 0, 1, 1, 0, 0, 1, 1
bleacherreport_com_png.rf.rnYMKWfaAjXjOWMrODMA.jpg, 1, 0, 1, 0, 1, 0, 1, 1
makeuseof_com_png.rf.sc7hnZUWQ1zJAv8PCGex.jpg, 1, 0, 1, 0, 1, 0, 0, 1
kraken_com_png.rf.rUfjFgO7KQqDDeunMSuq.jpg, 1, 0, 1, 1, 1, 0, 0, 1
inkscape_org_png.rf.sAbAftl5DEanVGrOz47O.jpg, 1, 1, 1, 0, 1, 0, 1, 1
ib_adnxs_com_png.rf.rRRhukr1Fy710b8e64dq.jpg, 1, 0, 1, 0, 1, 0, 1, 1
m_do_co_png.rf.rHXqGAhKN6dveVs1SBaF.jpg, 1, 1, 1, 0, 1, 0, 1, 1
prntscr_com_png.rf.rOafKZvzRtBPDn1ZV3oF.jpg, 1, 0, 1, 1, 1, 0, 1, 1
developers_facebook_com_png.rf.rbse9WlYqvXhq0WuqA5j.jpg, 1, 0, 1, 0, 1, 0, 1, 1
alternativeto_net_png.rf.rZrwatjRYjdK12durwDk.jpg, 1, 1, 1, 1, 1, 0, 1, 1
mckinsey_com_png.rf.sOi4y4eYE8Dsr4ZdpxVW.jpg, 1, 0, 1, 0, 1, 0, 1, 1
gizmodo_com_png.rf.sRSc2MjNxkIP7svSUaSi.jpg, 1, 0, 1, 0, 1, 0, 1, 1
squareup_com_png.rf.sbt4I6NEgb1NFXBhOF1G.jpg, 1, 0, 1, 0, 1, 0, 0, 1
crunchyroll_com_png.rf.ryNmnIeRRPEjt4Lzp2Z9.jpg, 1, 1, 1, 1, 1, 0, 1, 1
abcnews_go_com_png.rf.rVbwVmtXsAp5YgN9bJsH.jpg, 1, 0, 1, 0, 1, 0, 1, 1
scmp_com_png.rf.sHlD9qo5252iyvUPy4tp.jpg, 1, 0, 0, 1, 1, 0, 0, 1
sfchronicle_com_png.rf.rX5j3IyxcYOVaokFQGyf.jpg, 1, 0, 0, 1, 1, 0, 0, 1
airbnb_ru_png.rf.sQadVz2xEJABbMIwcF7r.jpg, 1, 1, 1, 0, 1, 0, 1, 1
goodreads_com_png.rf.rUzcBKPc3qMr8QRfAUxs.jpg, 1, 1, 1, 0, 1, 1, 1, 1
docs_python_org_png.rf.rdg0S3O7ZFdsuz2GFT95.jpg, 0, 1, 1, 0, 1, 0, 1, 1
shutterstock_com_png.rf.sKbgsyqdUFg4EFWGVmNp.jpg, 1, 1, 1, 0, 1, 0, 0, 1
es_wordpress_org_png.rf.sTOBOU9boUgSz6qppul9.jpg, 1, 0, 1, 0, 1, 0, 0, 1
qualitywebmarketing_net_png.rf.s5rd1dP190MG6GxbzeG4.jpg, 1, 0, 1, 0, 1, 0, 1, 1
squidoo_com_png.rf.rCE5Z1tETzcjXkkQp0Pa.jpg, 1, 0, 1, 0, 1, 0, 1, 1
developer_mozilla_org_png.rf.rQZ42HErG75EFvIYCqVR.jpg, 1, 1, 1, 0, 1, 0, 1, 1
lse_ac_uk_png.rf.scUoaEdpwW89eH2GaXuy.jpg, 1, 0, 1, 0, 1, 0, 0, 1
academia_edu_png.rf.shuFt6KvTX6zFWEZ2Ufh.jpg, 1, 0, 1, 0, 1, 0, 1, 1
nvu_com_png.rf.smOykv1dntDwBE2OyF55.jpg, 0, 0, 0, 1, 1, 0, 1, 1
ustream_tv_png.rf.t8EaFC7LFh3On56dkNHj.jpg, 1, 0, 1, 0, 1, 0, 0, 1
icrc_org_png.rf.t9Ikwh2QxsuGNeYvpCzO.jpg, 1, 0, 1, 0, 1, 0, 1, 1
explorestlouis_com_png.rf.tBOrXSOv5WLLTZw0GsVF.jpg, 1, 0, 1, 0, 1, 0, 0, 1
dailyfx_com_png.rf.tEUQXOsuDOImS3lobrGy.jpg, 1, 1, 0, 0, 1, 0, 1, 1
last_fm_png.rf.tXbhcvXooqQkHxvZP4Or.jpg, 1, 0, 1, 0, 1, 0, 1, 1
google_org_png.rf.tXy34zExAAYKmDLB3nsO.jpg, 1, 0, 1, 0, 1, 0, 1, 1
pexels_com_png.rf.tbqRGsX7JFT0lb2K5ugx.jpg, 0, 1, 1, 1, 1, 0, 0, 0
labnol_org_png.rf.thl52OohPHKV4krS6njG.jpg, 1, 0, 1, 0, 1, 0, 0, 1
fooplugins_com_png.rf.tsio7CaULITCcmmHx8tq.jpg, 1, 0, 1, 0, 1, 0, 0, 1
gsuite_google_com_png.rf.twgi3Rlar1qDxzMW80GK.jpg, 1, 0, 1, 0, 1, 0, 1, 1
newsweek_com_png.rf.u07kw9iH0XKNRC6sfIbz.jpg, 1, 1, 1, 0, 1, 1, 1, 1
class_ruten_com_tw_png.rf.u2jk3s5d1pZmiHqa7myC.jpg, 1, 1, 1, 0, 1, 0, 1, 1
ebay_co_uk_png.rf.u5TSPU5tXzAiVTcbjN2n.jpg, 1, 1, 1, 0, 1, 0, 1, 1
netflix_com_png.rf.u7OdA2kst1KLQwhW9w8u.jpg, 1, 1, 1, 0, 1, 1, 0, 1
thestar_com_png.rf.uCQMvm03nFlQnqv2jR9F.jpg, 1, 0, 1, 0, 1, 0, 1, 1
about_me_png.rf.uIQlNPsAg3rDKOHeLqWd.jpg, 1, 0, 1, 0, 1, 0, 1, 1
cdbaby_com_png.rf.uW9dSr04e4jjy3TT4hov.jpg, 1, 0, 1, 0, 1, 0, 1, 1
newyorker_com_png.rf.ubilCrCmxjQpHMa1s9Zr.jpg, 1, 0, 1, 1, 1, 0, 1, 1
unesco_org_png.rf.uc5Sr42VOSh0JldRvV8r.jpg, 1, 1, 1, 0, 1, 0, 1, 1
developer_chrome_com_png.rf.rMkVrlbCCoexsjZeEcKH.jpg, 1, 0, 1, 1, 1, 0, 1, 1
dell_com_png.rf.ucDN40o01PyfZUJoaP3W.jpg, 1, 1, 1, 1, 1, 0, 0, 1
slate_com_png.rf.v08QKExjFxRSui3pJrxy.jpg, 1, 1, 1, 1, 1, 0, 0, 1
mentalfloss_com_png.rf.v3dhktKqVMZOmX3ygj5i.jpg, 1, 0, 0, 0, 1, 0, 1, 1
ocw_mit_edu_png.rf.v5P2hnv2Pd2fL4CHWZkW.jpg, 1, 1, 1, 0, 1, 0, 1, 1
webmasters_googleblog_com_png.rf.v5a7XgzQp6VgiT3SJv2u.jpg, 1, 1, 1, 1, 1, 0, 1, 1
eventim_de_png.rf.vE1i2UfeakS4WPgMmSXt.jpg, 1, 1, 0, 1, 1, 0, 1, 1
bhf_org_uk_png.rf.vGXvQGp1l18NFKgLTujs.jpg, 1, 0, 1, 0, 1, 0, 1, 1
popularmechanics_com_png.rf.vK1IuSeuz3uIk0gqP4Az.jpg, 1, 0, 1, 1, 1, 0, 0, 1
snag_gy_png.rf.vMI4UpV2QKYvx4znqpPO.jpg, 1, 0, 1, 0, 0, 0, 0, 1
photos_google_com_png.rf.vPAHzCoFWPtZXvTNlkVV.jpg, 1, 0, 1, 0, 1, 0, 0, 1
clker_com_png.rf.vavlGy3E5wBDw0GBa1tx.jpg, 1, 1, 1, 0, 1, 0, 1, 0
snip_ly_png.rf.vcpPg78u5XCayvFMpzbi.jpg, 1, 0, 1, 1, 1, 0, 0, 1
people_com_png.rf.w1mQNo448NaNhRJ3bXEA.jpg, 1, 0, 1, 1, 1, 0, 1, 1
amazon_co_jp_png.rf.vj8Ynn2P7uTrcyDMa36I.jpg, 1, 1, 1, 1, 1, 0, 1, 1
sketchfab_com_png.rf.w8I3qDCLQYocPudR5flm.jpg, 1, 0, 1, 1, 1, 0, 1, 1
ko-fi_com_png.rf.wIMyKCL8PK0tl9enLolg.jpg, 1, 1, 0, 0, 1, 0, 1, 1
threejs_org_png.rf.wUJU8YytulN8KfkibvxE.jpg, 1, 0, 1, 0, 1, 0, 1, 0
duckduckgo_com_png.rf.wVtFG56qWCMGzNPedWQw.jpg, 1, 1, 1, 0, 1, 0, 0, 1
privacy_google_com_png.rf.wVxweemNpuiTL94N5swC.jpg, 1, 0, 1, 0, 1, 0, 0, 1
news_nationalgeographic_com_png.rf.wXLKWyO7nPmkqKIhOpGO.jpg, 1, 0, 1, 0, 1, 0, 0, 1
mtv_com_png.rf.wYeU95ZqiKiLZjK9kPH5.jpg, 1, 0, 0, 0, 1, 0, 1, 1
speakerdeck_com_png.rf.wcu5F6R2XrOpPQe0yXGE.jpg, 1, 1, 1, 0, 1, 0, 1, 1
cosmopolitan_com_png.rf.wjBSEHC4s05gc1xYXCV6.jpg, 1, 0, 1, 1, 1, 0, 0, 1
vonage_com_png.rf.wmCOhNRw8wf5PHlagysT.jpg, 1, 0, 1, 0, 1, 0, 0, 1
rollingstone_com_png.rf.wvcKnPvlMxh7zbfnHG5m.jpg, 1, 1, 1, 1, 1, 0, 1, 1
code_visualstudio_com_png.rf.wyGzLtPs604pDOBQ4dmL.jpg, 1, 0, 1, 0, 1, 0, 1, 1
sendspace_com_png.rf.x53EGSLn00hpq7RZg3Kx.jpg, 1, 0, 0, 0, 1, 0, 1, 1
firebase_com_png.rf.x5Nrto0bl7tvf2VCIbZK.jpg, 1, 1, 1, 0, 1, 0, 1, 1
intel_com_png.rf.xFExgcaSQ7LSNPk1kVxU.jpg, 1, 0, 1, 0, 1, 0, 1, 1
en_blog_wordpress_com_png.rf.xIBQ6KuC5G0Fnwt0XO4x.jpg, 1, 1, 1, 0, 1, 0, 1, 1
squarespace_com_png.rf.xJWjiHfZN0qnxlyVpcmw.jpg, 1, 0, 1, 0, 1, 0, 1, 1
hackernoon_com_png.rf.xNg7p8yKJb0QQG32vcdW.jpg, 1, 0, 1, 0, 1, 0, 1, 1
slideshare_net_png.rf.xcTvih1P5DfZBLyfpLLJ.jpg, 1, 1, 1, 1, 1, 0, 1, 1
wordpress_org_png.rf.xccPjnWQ0S9Hmf3nADMB.jpg, 1, 1, 1, 0, 1, 0, 0, 1
lmgtfy_com_png.rf.xlDLPpwH7ThUKWz3Rcyj.jpg, 1, 1, 0, 0, 1, 0, 1, 1
quora_com_png.rf.xmgwBOtqPeARghV61Wfa.jpg, 1, 1, 1, 0, 1, 0, 1, 1
telegram_me_png.rf.xnOwRUFkoB85WU4LHWo7.jpg, 1, 0, 0, 0, 1, 0, 1, 1
bluehost_com_png.rf.xqtWFP50U3DbNZ68nCln.jpg, 1, 0, 1, 0, 1, 0, 1, 1
earth_google_com_png.rf.xs7z4HNVeipGx83hekFN.jpg, 1, 0, 0, 0, 1, 0, 1, 1
sciencedaily_com_png.rf.xwhB5k5bXxi7ZzIQRA9q.jpg, 1, 1, 1, 0, 1, 0, 1, 1
cs_toronto_edu_png.rf.y2gys7In6skQuUM3PQZh.jpg, 1, 0, 1, 0, 1, 0, 1, 1
northeastern_edu_png.rf.y4aS4W9jymFpYugYexsK.jpg, 1, 0, 1, 0, 1, 0, 0, 1
care2_com_png.rf.y8kKWWiyThAKTesjtYf2.jpg, 1, 1, 0, 0, 1, 1, 1, 1
investopedia_com_png.rf.yHMKXPPvLEoQVoAV6OBg.jpg, 1, 0, 1, 1, 1, 0, 0, 1
odoo_com_png.rf.yNwwhO8xGZbf2h7sjtLa.jpg, 1, 0, 1, 0, 1, 0, 1, 1
visualstudio_com_png.rf.yOIZHzbWpu6J1ZFnxauB.jpg, 1, 0, 1, 0, 1, 0, 0, 1
sap_com_png.rf.yQWZ4VEOdGwOR98RYrUN.jpg, 1, 0, 1, 0, 1, 0, 1, 1
nj_com_png.rf.yQvPKfmuIDxGHRzU5tEz.jpg, 1, 0, 0, 0, 1, 0, 1, 1
a_co_png.rf.ylebNBaJK2rVV9zCeJsF.jpg, 1, 1, 1, 1, 1, 0, 1, 1
nbcnews_com_png.rf.ysmKALvAg1ZCDaj93Nue.jpg, 1, 0, 1, 0, 1, 0, 1, 1
de_linkedin_com_png.rf.yy5pbGg5igOmc3KG6k2A.jpg, 1, 1, 1, 0, 1, 1, 1, 1
gist_github_com_png.rf.z0I3hSEYocNP98hIWv46.jpg, 1, 1, 1, 0, 1, 0, 1, 1
www-01_ibm_com_png.rf.z1NYtLt6C5mOuwGpmGoe.jpg, 1, 1, 1, 0, 1, 0, 1, 1
journals_plos_org_png.rf.z1dQq2MX3srn8ILRK835.jpg, 1, 0, 1, 0, 1, 0, 1, 1
latimesblogs_latimes_com_png.rf.z2DgX28z1pwhwSAlYOTn.jpg, 1, 0, 1, 1, 1, 0, 1, 1
weheartit_com_png.rf.z5KeepBcIs51jAz1Ew1d.jpg, 1, 1, 1, 1, 1, 0, 1, 1
use_typekit_net_png.rf.z5cWwVj823fei587hI9c.jpg, 1, 1, 1, 0, 1, 0, 1, 1
loc_gov_png.rf.zHE9IbvxVg6Ec9CCDm7Z.jpg, 1, 1, 1, 0, 1, 0, 1, 1
mlb_com_png.rf.zIsBonFBLhJTQcryRuAr.jpg, 1, 0, 1, 0, 1, 0, 1, 1
ceneo_pl_png.rf.zJF2hPpCqpHHkae3FDna.jpg, 1, 1, 1, 0, 1, 0, 1, 1
webflow_com_png.rf.zNRpSgqq6yIMxtmwUhsd.jpg, 1, 0, 1, 0, 1, 0, 0, 1
giphy_com_png.rf.zVcAJ0oEe7atD45Bu6uX.jpg, 1, 1, 1, 0, 1, 0, 1, 1
space_com_png.rf.wsCOCwify9JDNgJBVf2e.jpg, 1, 0, 1, 1, 1, 0, 1, 1
dashlane_com_png.rf.zW4DUeWS4cdodT3BD2AE.jpg, 1, 0, 1, 0, 1, 0, 1, 1
amazon_com_br_png.rf.zayyuGOlLuPJlkqLMPBJ.jpg, 1, 1, 1, 0, 1, 0, 1, 1
gq_com_png.rf.zneyfYKbTSyaNjMBLzVy.jpg, 1, 1, 1, 1, 1, 0, 1, 1
box_net_png.rf.zsOhNmRGppM8EZ92lclD.jpg, 1, 0, 1, 0, 1, 0, 1, 1
studiopress_com_png.rf.ztwum4exADKulaGFm3ET.jpg, 1, 0, 1, 0, 1, 0, 0, 1
ibm_com_png.rf.zv35QaKy4bcIazgbcgky.jpg, 1, 1, 1, 0, 1, 0, 1, 1
in_pinterest_com_png.rf.zyizzHnc5ElYxzLmkpGD.jpg, 1, 0, 1, 0, 1, 0, 0, 1
steemit_com_png.rf.zywEF1zbUjKMqGNbfRPh.jpg, 1, 1, 1, 0, 1, 0, 1, 1